SampleID	Target_Primer	Primer1ID	TSOBarcode	Primer2ID	TargetSpecificPrimers
01-SMARTindex_LCprimers	LC_primers	01-SMARTindex	CAGCGTCAGTGGTATCAACGCAGAGTACATGGGG	LC_primers	lc_primers.fasta
02-SMARTindex_LCprimers	LC_primers	02-SMARTindex	GATCACCAGTGGTATCAACGCAGAGTACATGGGG	LC_primers	lc_primers.fasta
03-SMARTindex_LCprimers	LC_primers	03-SMARTindex	ACCAGTCAGTGGTATCAACGCAGAGTACATGGGG	LC_primers	lc_primers.fasta
04-SMARTindex_LCprimers	LC_primers	04-SMARTindex	TGCACGCAGTGGTATCAACGCAGAGTACATGGGG	LC_primers	lc_primers.fasta
05-SMARTindex_LCprimers	LC_primers	05-SMARTindex	ACATTACAGTGGTATCAACGCAGAGTACATGGGG	LC_primers	lc_primers.fasta
06-SMARTindex_LCprimers	LC_primers	06-SMARTindex	GTGTAGCAGTGGTATCAACGCAGAGTACATGGGG	LC_primers	lc_primers.fasta
07-SMARTindex_LCprimers	LC_primers	07-SMARTindex	CTAGTCCAGTGGTATCAACGCAGAGTACATGGGG	LC_primers	lc_primers.fasta
08-SMARTindex_LCprimers	LC_primers	08-SMARTindex	TGTGCACAGTGGTATCAACGCAGAGTACATGGGG	LC_primers	lc_primers.fasta
09-SMARTindex_LCprimers	LC_primers	09-SMARTindex	TCAGGAACAGTGGTATCAACGCAGAGTACATGGGG	LC_primers	lc_primers.fasta
10-SMARTindex_LCprimers	LC_primers	10-SMARTindex	CGGTTAACAGTGGTATCAACGCAGAGTACATGGGG	LC_primers	lc_primers.fasta
01-SMARTindex_HCprimers	HC_primers	01-SMARTindex	CAGCGTCAGTGGTATCAACGCAGAGTACATGGGG	HC_primers	hc_primers.fasta
02-SMARTindex_HCprimers	HC_primers	02-SMARTindex	GATCACCAGTGGTATCAACGCAGAGTACATGGGG	HC_primers	hc_primers.fasta
03-SMARTindex_HCprimers	HC_primers	03-SMARTindex	ACCAGTCAGTGGTATCAACGCAGAGTACATGGGG	HC_primers	hc_primers.fasta
04-SMARTindex_HCprimers	HC_primers	04-SMARTindex	TGCACGCAGTGGTATCAACGCAGAGTACATGGGG	HC_primers	hc_primers.fasta
05-SMARTindex_HCprimers	HC_primers	05-SMARTindex	ACATTACAGTGGTATCAACGCAGAGTACATGGGG	HC_primers	hc_primers.fasta
06-SMARTindex_HCprimers	HC_primers	06-SMARTindex	GTGTAGCAGTGGTATCAACGCAGAGTACATGGGG	HC_primers	hc_primers.fasta
07-SMARTindex_HCprimers	HC_primers	07-SMARTindex	CTAGTCCAGTGGTATCAACGCAGAGTACATGGGG	HC_primers	hc_primers.fasta
08-SMARTindex_HCprimers	HC_primers	08-SMARTindex	TGTGCACAGTGGTATCAACGCAGAGTACATGGGG	HC_primers	hc_primers.fasta
09-SMARTindex_HCprimers	HC_primers	09-SMARTindex	TCAGGAACAGTGGTATCAACGCAGAGTACATGGGG	HC_primers	hc_primers.fasta
10-SMARTindex_HCprimers	HC_primers	10-SMARTindex	CGGTTAACAGTGGTATCAACGCAGAGTACATGGGG	HC_primers	hc_primers.fasta