"ASV"	"X01.SMARTindex"	"X02.SMARTindex"	"X03.SMARTindex"	"X04.SMARTindex"	"X05.SMARTindex"	"X06.SMARTindex"	"X07.SMARTindex"	"X08.SMARTindex"	"X09.SMARTindex"	"X10.SMARTindex"	"X11.SMARTindex"	"X12.SMARTindex"	"X13.SMARTindex"	"X14.SMARTindex"	"X15.SMARTindex"	"X16.SMARTindex"	"X17.SMARTindex"	"X18.SMARTindex"	"X19.SMARTindex"	"X20.SMARTindex"	"X21.SMARTindex"	"X22.SMARTindex"	"X23.SMARTindex"	"X24.SMARTindex"	"X25.SMARTindex"	"X26.SMARTindex"	"X27.SMARTindex"	"X28.SMARTindex"	"X29.SMARTindex"	"X30.SMARTindex"	"X31.SMARTindex"	"X32.SMARTindex"	"X33.SMARTindex"	"X34.SMARTindex"	"X35.SMARTindex"	"X36.SMARTindex"	"X37.SMARTindex"	"X38.SMARTindex"	"X39.SMARTindex"	"X40.SMARTindex"	"X41.SMARTindex"	"X42.SMARTindex"	"X43.SMARTindex"	"X44.SMARTindex"	"X45.SMARTindex"	"X46.SMARTindex"	"X48.SMARTindex"	"X49.SMARTindex"	"X50.SMARTindex"	"X51.SMARTindex"	"X52.SMARTindex"	"X53.SMARTindex"	"X54.SMARTindex"	"X55.SMARTindex"	"X56.SMARTindex"	"X57.SMARTindex"	"X58.SMARTindex"	"X59.SMARTindex"	"X60.SMARTindex"	"X61.SMARTindex"	"X62.SMARTindex"	"X63.SMARTindex"	"X64.SMARTindex"	"X65.SMARTindex"	"X66.SMARTindex"	"X67.SMARTindex"	"X68.SMARTindex"	"X69.SMARTindex"	"X70.SMARTindex"	"X71.SMARTindex"	"X72.SMARTindex"	"X73.SMARTindex"	"X74.SMARTindex"	"X75.SMARTindex"	"X76.SMARTindex"	"X77.SMARTindex"	"X78.SMARTindex"	"X79.SMARTindex"	"X80.SMARTindex"	"X81.SMARTindex"	"X82.SMARTindex"	"X83.SMARTindex"	"X84.SMARTindex"	"X85.SMARTindex"	"X86.SMARTindex"	"X87.SMARTindex"	"X88.SMARTindex"	"X89.SMARTindex"	"X90.SMARTindex"	"X91.SMARTindex"	"X92.SMARTindex"	"X93.SMARTindex"	"X94.SMARTindex"	"X95.SMARTindex"	"X96.SMARTindex"
"ATATGAGCCCTATCTTCTCTACAGACACTGAATCTCAAGGTCCTTACAATGAAATGCAGCTGGGTTATCTTCTTCCTGATGGCAGTGGTGACAGGTACAGGGGTCAATTCAGAGGTTCAGCTGCAGCAGTCTGGGGCAGAACTTGTGAGGCCAGGGGCCTCAGTCAAGTTGTCCTGCACAGCTTCTGGCTTCAACATTAAAGACTCCTATATTCACTGGGTGAAACAGAGGCCTAAACAGGGCCTGGAGTGGATTGGAAGAATTGATCCTGCGAATGGAAATACTGAATCTGACCCGAAGTTCCAGGGCAAGGCCACTACAGCAGCAGACACATCCTCCAACACAGCCTACCTGCAGCTCAGCAGCCTGACATCTGAGGACACTGCCGTCTATTACTGTGCTGGGAGAGATGGCTACGACGGGTTTGTTTTTTGGGGCCAAGGGACTCTGGTCACTGTCTCTGCAG"	0	0	3	0	0	12	17	0	0	9	0	0	3	0	0	3263	6	1	0	1	4	0	0	0	0	0	1	0	0	1	0	2530	2	0	0	0	1	0	0	0	0	0	0	0	6	0	0	0	0	0	0	0	1	0	0	1	0	0	0	1	0	0	0	9	2	2	0	3	1	0	0	0	2	0	1	1	0	0	16	0	0	0	0	9	0	0	5355	0	1	0	0	1	0	2	0
"ATATGAACACTGTTTTCTCTACAGTCACTGAATCTCAAGGTCCTTACAATGAAATGCAGCTGGGTCATCTTCTTCCTGATGGCAGTGGTTATAGGAATCAATTCAGAGGTTCAGCTGCAGCAGTCTGGGGCAGAGCTTGTGAGGTCAGGGGCCTCAGTCAAGTTGTCCTGCACAGCTTCTGGCTTCAACATTAAAGACTACTATATGTACTGGGTGAAGCAGAGGCCTGAACAGGGCCTGGAGTGGATTGGATGGATTGATCCTGAGAATGGTGATACTGAATATGTCCCGAAGTTTCAGGGCAAGGTCACTATGACTGCAGACACGTCCTCCAATACAGCCTACCTGCAGCTCAGCAGCCTGACATCTGAGGACACTGCCGTCTATTACTGTAGAGGGGATTTCGACGGTAGTGGCGAGGGGTATGCTATGGACTACTGGGGTCAAGGAACCTCAGTCACCGTCTCCTCAG"	0	0	0	0	0	3130	17	0	0	4	1	0	1	0	0	10	0	0	2	1	12	0	0	1	1	0	0	0	0	2	0	6	0	1	0	1	0	0	0	0	0	0	0	0	10	1	0	0	0	0	0	0	0	0	1	0	0	0	1	1	1	2	0	5	0	1	0	0	0	0	0	0	1	0	0	1	1	0	14	0	1	1	4	4991	1	1	26	0	0	0	2	0	0	1	0
"ACAGTCCCTGAAGACACTGACTCTAACCATGGAATGGAGCTGGGTCTTTCTCTTCCTCCTGTCAGTAATTGCAGGTGTCCAATCCCAGGTTCAACTGCAGCAGTCTGGGGCTGAACTGGTGAGGCCTGGGGCTTCAGTGACGCTGTCCTGCAAGGCTTCGGGCTACACATTTACTGACTATGAAATGCACTGGGTGAAGCAGACACCTGTGCATGGCCTGGAATGGATTGGAGCTTTTGATCCTGAAACTGGTAATACTGCCTACAATCAGAAATTCAAGGACAAGGCCACACTGACTACAGACAAATCCTCCAGCACAACCTACATGGAGCTCCGCAGCCTGACATCTGAGGACTCTGCCGTCTATTCCTGTACAAGACATGTACGAGACTACTGGGGCCAAGGCACCACTCTCACAGTCTCCTCAG"	2	3	5	3	2033	3	9	2	1	1	2	9	3795	4	4	2	0	0	2	1	0	1	5	3	3	0	0	1	4	9	2	3	15	1	0	2	1	2	4	4	0	1	2	0	3	2	4	0	2	0	5	1	0	3	11	3	2	0	2	0	1	1729	2	2	2	2	0	11	1	1	0	0	9	0	2	1	3	0	8	1	0	0	0	2	4	1	4	0	1	0	3	0	0	4	0
"AAGGGAGTGACCAGTTAGTCTTAAGGCACCATTGAGCCCAAGTCTTAGACATCATGGATTGGCTGTGGAACTTGCTATTCCTGATGGCAGCTGCCCAAAGTATCCAAGCACAGATCCAGTTGGTGCAGTCTGGACCTGAGCTGAAGAAGCCTGGAGAGACAGTCAAGATCTCCTGCAAGGCCTCTGGGTATACCTTCACACACTATGGAATGAACTGGGTGAAGCAGGCTCCAGGAAAGGGTTTAAAGTGGATGGGCTGGATAAACACCAACACTGGAGAGCCAACATATGCTGAAGAGTTTAAGGGACGGTTTGCCTTCTCTTTGGAAAGCTCTGCCACCACTGCCTATTTGCTGATCAACAACCTCAAAAATGAGGACACGGCTACATATTTCTGTGTCCTTACTACGGCTGACTACTGGGGCCAAGGCACCACTCTCACAGTCTCCTCAG"	1	0	0	0	0	3	2	0	0	0	0	0	0	4	1	2	1	1	0	0	2	0	3	1	0	1	1	0	0	1	1	1	2	5	0	0	10	0	2	1	0	5	0	2	2	0	0	0	0	0	0	0	1	0	1	0	0	0	12	0	0	0	1	0	3	1	0	0	3564	0	0	0	0	0	1	0	0	1	2	1	0	0	1	4	3077	11	0	0	0	0	0	0	0	18	0
"AAGGGAGTGACCAGTTAGTCTTAAGGCACCACTGAGCCCAAGTCTTAGACATCATGGCTTGGGTGTGGACCTTGCTATTCCTGATGGCAGCTGCCCAAAGTATCCAAGCACAGATCCAGTTGGTGCAGTCTGGACCTGAGCTGAGGAAGCCTGGAGACTCAGTCAAGATCTCCTGCAAGGCTTCTGGTTATCCCTTCACAGACTTTTCAATGCACTGGGTGAAACAGGCTCCAGGAAAGGGTTTAAAGTGGATGGGCTGGATAAACACTGAGACTGGTGAGCCAACATATGCAGATGACTTCAAGGGACGGTTTGCCTTCTCTTTGGAAACCTCTGCCAGCACTGCCTATTTGCAGATCAACAACCTCAAAAATGAGGACACGGCTACATATTTCTGTGGTCATGATGGATACTACTGGCACTTCGATGTCTGGGCCGCAGGGACCACGGTCACCGTCTCCTCAG"	1	0	0	0	0	3	1	1	0	0	0	0	0	1	4	0	0	1	3	1	1	1	0	2	0	0	0	1	1	0	0	1	0	3	0	0	12	0	0	0	0	5	1	0	2	2	1	0	2	0	1	1	0	0	3	1	1	0	27	0	0	0	0	1	8	1	0	0	17	1	0	0	1	1	1	4	1	0	0	1	1	0	1	2	16	2383	0	0	0	0	1	0	0	4197	0
"GACAGAGGAGGCCAGTCCTGGATTTGAGTTCCTCACATTCAGTGATGAGCACTGAACACAGACACCTCACCATGAACTTCGGGTTCAGCTTGATTTTCCTTGTCCTTGTTTTAAAAGGTGTCCAGTGTGAAGTGAACCTGGTGGAGTCTGGGGGAGGCTTAGTGAAGCCTGGAGGGTCCCTGAAACTCTCCTGTGCAGCCTCTGGATTCACTTTCATTTACTATGCCATGTCTTGGGTTCGCCAGACTCCAGAGAAGAGGCTGGAATGGGTCGCATCCATTACTAGTGGTGGTGCCACCTACTATCCAGACATTGTGAAGGGCCGATTCACCATCTCCAGAGATAATGCCAGGAACATCCTGTATCTGCAAATGAACAGTCTGAGGTCTGAGGACACGGCCATTTATTACTGTGCAAGAGGGGATTACTCCGGTCACTGGTACTTCGATGTCTGGGGCGCAGGGACCACGGTCACCGTCTCCTCAG"	0	1	0	0	0	3	4	0	1	1	0	0	3	2	3	0	0	0	2	1	2	0	1	1	0	0	1	1	1	1	0	0	3	1	0	1	1	0	0	0	0	0	4	1	1	0	3	0	1522	0	58	0	0	0	2	0	1484	0	1	1	7	0	0	0	0	1	0	0	0	1	1	0	2	0	3	2753	0	0	2	0	8	1	13	3	1	0	1	1	1	1	8	0	0	4	0
"AAAACATGAGATCACAGTTCTCTCTACAGTTACTGAGCACACAGGACCTCACCATGGGATGGAGCTATATCATCCTCTTTTTGGTAGCAACAGCTACAGATGTCCACTCCCAGGTCCAACTGCAGCAGCCTGGGGCTGAACTGGTGAAGCCTGGGGCTTCAGTGAACCTGTCCTGCAAGGCTTCTGGCTACACCTTCACCAGCTACTGGATACACTGGGTGAAACAGAGGCCTGGGCAAGGCCTTGAGTGGATTGGAGAGATTAATCCTAGCAACGGTCGTTCTAATTACAATGAGGAGTTCAAGACCAAGGCCACTCTGACTGTAGACAAATCGTCCAACACAGCCTACATGCAACTCAGCAGTCTGACATCTGAGGACTCTGCGGTCCATTACTGTACAAGAGGCCGGACAACTCGGGCTACCCCGTTTGTTTACTGGGGCCAAGGGACTCTGGTCACTGTCTCTGCAG"	0	0	1	1	4	2	0	0	0	0	0	0	3	2	0	0	0	0	7	1	0	0	0	1	1	0	0	0	1	2671	0	0	2	0	0	0	0	0	1	0	0	0	1	1	1	3002	8	0	0	0	0	0	0	0	16	2	0	1	0	0	0	3	1	1	0	0	0	1	0	0	0	0	4	0	0	0	0	0	0	0	2	0	0	4	0	1	1	0	1	0	0	0	0	0	1
"ATATGAGCCCTATCTTCTCTACAGACACTGAATCTCAAGGTCCTTACAATGAAATGCAGCTGGTTTTTCTTCTTCCTGATGGCAGTGGTTACAGGGGTCAATTCAGAGGTTCAGCTGCAGCAGTCTGGGGCAGAGCTTGTGAAGCCAGGGGCCTCAGTCAAGTTGTCCTGCACAGCTTCTGTCTTCAACATTAAAGACACCTATATACACTGGGTGAGGCAGAGGCCTGGACAGGGCCTGGAGTGGATTGGAAGGATTGATCCTGCGAATGGTAATACTAAATTTGACCCGAAGCTCCAGGGCAAGGCCACTATAACAGCAGACACATCCTCCAACACAGCCTACCTGCAGCTCAGCAGCCTGACATCTGAGGACACTGCCGTCTATTACTGTGCTCAATTTCCTCATTACTACGGCTCCTACTACTTTGACTACTGGGGCCAAGGCACCACTCTCACAGTCTCCTCAG"	0	0	0	0	1	10	3087	0	1	2	0	0	0	0	1	11	9	0	0	0	7	1	1	0	0	0	0	0	0	0	0	10	1	0	1	0	0	0	0	0	0	0	0	0	6	0	2	0	1	0	0	0	0	0	1	0	0	0	1	0	1	0	0	3	0	0	0	0	2	0	0	0	1	0	0	0	0	1	2299	0	0	0	0	8	1	0	29	0	1	0	0	0	0	1	0
"AAAACATGAGATCACAGTTCTCTCTACAGTTACTGAGCACACAGGACCTCACCATGGGATGGAGCTGTATCATCCTCTTCTTGGTAGCAACAGCTACAGGTGTCCACTCCCAGGTCCAACTGCAGCAGCCTGGGGCTGAGCTGGTGAGGCCTGGGGCTTCAGTGAAGCTGTCCTGCAAGGCTTCTGGCTACACCTTCACCAGCTACTGGATAAACTGGGTGAAGCAGAGGCCTGGACAAGGCCTTGAGTGGATCGGAAATATTTATCCTTCTGATAGTTATACTAACTACAATCAAAAGTTCAAGGACAAGGCCACATTGACTGTAGACAAATCCTCCAGCACAGCCTACATGCAGCTCAGCAGCCCGACATCTGAGGACTCTGCGGTCTATTACTGTACAAGAGAGGCCTACTATGGTAACTACAATGCTATGGACTACTGGGGTCAAGGAACCTCAGTCACCGTCTCCTCAG"	0	1	0	0	1	1	0	0	0	1	0	0	2	3	1	3	0	0	1768	1	2	0	0	101	0	0	1	0	1	5	1	2	0	0	0	3	2	0	2	1	0	0	0	1	2	6	9	0	0	0	0	0	0	0	11	2	0	0	1	0	0	3	0	0	0	0	0	0	2	0	0	0	3418	0	0	1	0	0	0	0	0	0	1	0	0	0	1	1	0	0	2	0	0	1	0
"AAGGGAGTGACCAGTTAGTCTTAAGGCACCACTGAGCCCAAGTCTTAGACATCATGGCTTGGGTGTGGACCTTGCTATTCCTGATGGCAGCTGCCCAAAGTATCCAAGCACAGATCCAGTTGGTGCAGTCTGGACCTGAGCTGAAGAAGCCTGGAGAGACAGTCAAGATCTCCTGCAAGGCTTCTGGTTATACCTTCACAGACTCTTCAATGCACTGGGTGAAGCAGGCTCCAGGAAAGGGTTTAAAGTGGATGGGCTGGATAAACACTGAGACTGGTGAGTCAACATATGCAGATGACTTCAAGGGACGGTTTGCCTTCTCTTTGGAAACCTCTGCCAGCACTGCCTATTTGCAGATCAACAACCTCAAAAATGAGGACACGGCTACATATTTCTGTGCTAGAGGAGCGAGTGCTTACTGGGGCCAAGGGACTCTGGTCACTGTCTCTGCAG"	0	0	1	0	0	1	0	0	1	0	0	0	4	0	0	1	0	0	0	1	0	1	1	2	0	0	1	0	0	2	1	4	0	1	0	0	2621	0	0	0	0	5	0	1	1	2	0	0	0	0	0	0	3	0	0	0	0	0	2466	0	0	2	0	0	4	1	0	0	10	0	0	0	5	0	3	0	1	0	0	0	0	0	2	0	13	10	3	0	0	0	0	1	0	20	0
"AGCTCTGACAGAGGAGGCCGGTCCTGGATTCGATTCCCAGTTCCTCACATTCAGTCAGCACTGAACACGGACCCCTCACCATGAACTTCGGGCTCAGCTTGATTTTCCTTGCCCTCATTTTAAAAGGTGTCCAGTGTGAGGTGCAGCTGGTGGAGTCTGGGGGAGACGTAGTGAAGCCTGGAGGGTCCCTGAAGCTCTCCTGTGTAGTCTCTGGATTCACTTTCATTAACTATGGCATGTCTTGGGTTCGTCAGACTCCAGACAAGAGGCTGGGGTGGGTCGCAACCATTAGTAGAGGTGGTGATTACTCCTATTATCCAGACAATGTGAAGGGGCGATTCACCATCTCCATAGACAATGCCAAGAACACCCTGTACCTACAAATGAGCAGTCTGAAGTCTGAGGACACAGCCGTTTATTACTGTGCAAGAGGGGATAATAGGTTCGACGTGCGGACTATGGACTACTGGGGTCAAGGAACCTCAGTCACCGTCTCCTCAG"	0	0	1	0	0	3	0	1	0	0	0	0	1	1	0	0	0	0	0	0	1	0	0	1	0	0	0	0	0	1	0	0	2	0	0	1	2	0	3	0	0	0	2	0	1	2	1	0	5	0	0	0	1	0	1	0	4	1	1	3	2	1	0	0	1	0	0	1	1	0	0	0	0	0	0	8	1	0	0	0	3	0	2529	1	0	1	0	1	1	1	2588	0	0	0	0
"ATATGAACACTGTTTTCTCTACAGTCACTGAATCTCAAGGTCCTTACAATGAAATGCAGCTGGGTCATCTTCTTCCTGATGGCAATGGTTATAGGAATCAATTCAGAGGTTCAGCTGCAGCAGTCTGGGGCAGAACTTGTGAGGTCAGGGGCCTCAGTCAAGTTGTCCTGCACAGCTTCTGGCTTCATCATTGAAGACTACTATATACACTGGGTGAAGCAGAGGCCTGAACAGGGCCTGGAGTGGATTGGATGGATTGATCCTGAGAATGGTGATACTGAATATGCCCCGAAGTTCCAGGGCAAGGCCACTATGACTGCAGACACATCCTCCAACACAGCCTACCTGCAGCTCAGCAGCCTGACATCTGAGGACACTGCCGTCTATTACTGTAATGGTCACTACAATGCTATGGACTACTGGGGTCAAGGAACCTCAGTCACCGTCTCCTCAG"	0	0	0	0	0	17	6	0	0	1	0	0	0	1	0	10	0	0	1	0	2037	0	0	1	1	0	1	0	0	0	0	4	0	1	0	1	0	0	0	0	0	0	1	1	2574	0	0	0	0	0	0	0	0	0	0	1	1	0	1	0	0	1	0	6	0	0	0	0	0	0	0	0	0	0	0	0	0	0	8	0	0	0	0	26	0	1	22	0	0	0	0	1	0	1	0
"AAAACATGAGATCACAGTTCTCTCTACAGTTACTGAGCACACAGGAACTCACCATGGGATGGAGCTATATCATCCTCTTTTTGGTAGCAACAGCAACAGGTGTCCACTCCCAGGTCCAACTGCAGCAGTCTGGGGCTGAACTGGTGAAGCCTGGGGCTTCAGTGAAGTTGTCCTGCAAGGCTTCTGGCTACCGCTTCACCAGGTACTATCTGTACTGGGTGATACAGAGGCCTGGACAAGGCCTTGAGTGGATTGGAGCGATCAATCCTAGCAATGGTGGTGATAAGTTCAATGAGAAATTCAAGAACAAGGCCACTCTGACTGTCGACAAATCCTCCAACACAGCATACATGCAACTCAGTAGCCTGACATCTGAGGACTCTGCGGTCTATTACTGTACCCTTAGTACGGCTGTTGTCTTTGACCATTGGGGCCAAGGCACCACTCTCACAGTCTCCTCAG"	0	0	1	0	1	2	2	0	0	0	2	0	0	0	0	0	1	0	2	1	0	0	3	1	0	0	0	0	0	6	0	0	0	0	0	1	0	0	1	1	0	2	0	1	0	9	1659	0	0	1	0	0	0	0	2995	1	0	0	0	0	0	3	1	0	0	0	0	2	0	0	0	1	6	1	1	0	0	0	0	0	0	0	0	0	0	0	2	0	0	0	1	1	0	0	0
"ATATGAGCCCTATCTTCTCTACAGACACTGAATCTCAAGGTCCCTACAATGAAATGCAGCTGGGTCATCTTCTTCCTGATGGCAGGGGTTACAGGGGTCAATTCAGAGGTTCAGCTGCAGCAGTCTGGGGCAGAGCTTGTGAAGCCAGGGGCCTCAGTCAAGTTGTCCTGCACAGCTTCTGGCTTCAACATTAAAGACACCTATATGCACTGGGTGAAGCAGAGGCCTGAACAGGGCCTGGAGTGGATTGGAAGAATTGGTCCTGCGAATGGTAATACTAAATATGACCCGAAGTTCCAGGGCAGGGCCACTATAACAGCAGACACATCCTCCAACACAGCCTACCTGCAGCTCAGCAGCCTGACATCTGAGGACACTGCCGTCTATTACTGTGCTTCTATTACTTCGGTTCTTGACTACTGGGGCCAAGGCACCATTCTCACAGTCTCCTCAG"	0	0	1	0	1	14	16	1	0	1919	0	0	2	0	1	14	641	1	1	0	7	0	2	2	0	0	1	0	2	2	0	6	0	1	1	2	0	0	1	0	0	1	0	0	7	0	1	0	0	0	0	0	0	0	4	0	0	0	0	0	0	2	0	1560	0	0	0	0	0	0	0	0	0	0	1	0	1	1	17	0	0	0	3	24	2	1	53	0	1	0	2	0	0	1	0
"AGCTCTGACAGAGGAGGCCAGCCCTGGATTCGATTCCCAGTTCCTCACATTCAGTGATGAGCACTGAACACAGACCTCTCAACATGAACTTAGGGCTCAGCTTCATTTTCCTTGCCCTTATTTTAAAAGGTGTCCAGTGTGAGGAGCAACTGGTGGAGTCTGGGGGAGGCTTAGTGCAGCCTGGAGGGTCCCTGAAACTCTCCTGTGCAGCCTCTGGATTCACTTTCAGTAACTATGGCATGTCTTGGTTTCGCCAGACTCCAGACAAGAGGCTGGAATTGGTCGCCACTATGAACAGAAATGGTGGTAGTCTATATTATCCAGACATTGTGAAGGGCCGATTCACCATCTCCAGAGACAATGCCAAGAACACCCTGTACCTGCAAATGAGCAGTCTGAAGTCTGAGGATACAGCCATGTATTACTGTGCAAGAGGAAACTATGGTACTTACTGGGGCCAAGGGACTCTGGTCACTGTCTCTGCAG"	0	0	0	0	1	0	0	0	0	0	0	0	2	0	0	2	0	0	2	0	0	0	1	1	0	0	0	0	0	3	0	0	1	0	0	0	0	0	1	0	0	0	1057	0	1	0	0	0	3	0	0	0	0	0	0	0	1	1	0	572	778	0	1	0	0	0	0	1	0	0	0	0	0	0	0	10	0	1	0	0	1445	0	7	0	0	0	0	0	0	0	6	1	0	0	0
"AACATATGTCCAATGTCCTCTCCTCAGACACTGAACACACTGACTCTAACCATGGGATGGAGCTGGATCTTTCTCTTTCTCCTGTCAGGAACTGCAGGGGCCCTCTCTGAGGTCCAGCTGCAACAGTCTGGACCTGAGGTGGTGAAACCTGGGGCTTCAGTGAAGATGTCCTGCAAGACTTCTGGATACACAGTCACTGAATACACCATGCACTGGGTGAAGCAGAGCCATGGAAAGAGCCTTGAGTGGATTGGAGGTATTAGTCGTAAGAATGGTGGTACTAGTTACAATCAGAAGTTCAAGGGCAAGGCCACATTGACTGTAGACAAGTCCTCCAGCACAGCCTACATGGAGCTCCGCAGCCTGACATCTGAGGATTCTGCAGTCTATTACTGTGCAAGTCACTACGGAAGTAGTCACCTGTATTATTTTGACCACTGGGGCCAGGGCACCACTCTCACAGTCTCCTCAG"	0	0	0	0	0	0	0	0	0	1	0	1	1	1	0	0	1	0	1	1	0	0	2280	1	1	0	1	0	0	1	0	0	1	0	0	6	0	0	1549	0	0	0	1	3	0	0	1	0	0	0	0	0	0	0	1	0	0	0	0	0	0	2	0	0	0	0	0	0	0	0	0	0	2	0	0	2	0	0	1	0	1	0	0	3	0	0	0	0	0	0	1	0	0	0	0
"AACACATGCCCAATGTCCTCTCCACAGACACTGAACACACTGACTCCAACCATGGGATGGAGCTGGATCTTTCTCTTTCTCTTGTCAGGAACTGGAGGTGTCCTCTCTGAGGTCCAGCTGCAACAGTCTGGACCTGAGCTGGTGAAGCCTGGGGCTTCAGTGAAGATGTCCTGCAAGGCTTCTGGATACACTTTCACTGACTACTTCATGAAGTGGGTGAAGCAGAGCCATGGAAAGAGCCTTGAGTGGATTGGAGATATTAATCCTAACAATGGTGATACTTTCTACAATCAGAAGTTCAGGGGCAAGGCCACATTGACTGTAGACAAATCTTCCAGCACAGCCTACATGCAGCTCAACAGCCTGACATCTGAGGACTCTGCAGTCTATTACTGTGCAACTAACCAGGGGTTTGCTTACTGGGGCCAAGGGACTCTGGTCACTGTCTCTGCAG"	0	0	1	0	0	1	1	0	1	0	0	1	1	3	2	3	0	1	3	1877	1	0	7	2	2	0	2	0	1	1	0	2	0	1	0	18	0	0	4	2	0	0	0	1798	1	2	2	1	0	0	0	2	0	0	2	3	1	0	1	0	1	0	0	1	2	1	0	0	1	0	0	0	3	0	2	1	1	0	2	1	1	0	0	0	2	0	2	0	0	0	0	1	0	3	0
"AAGCGAGTGACCAGTTAGTCTTAAGGCACCACTTCTTAGACATCATGGCCTGGGTGTGGACCTTGCTATTCCTGATGGCAGCTGCCCAAAGTGCCCAAGCACAGATCCAGTTGGTGCAGTCTGGACCTGAGGTGAAGCACCCTGGAGAGACAGTCAAGATCTCCTGCAAGGCTTCCGGGTATCCCGTCACAAACTTTGGAATGAACTGGGTGAAACAGGCTCCAGGAAAGGGTTTAAAGTGGATAGGCTGGATAAACACCCGCACTGGAGAACCAACATATATTGATGAGGTCAAGGGACGGTTTGCCTTCTCTTTGGAAATTTCTGCCAGCACTGCCTATTTGCAGATCAACAACCTCAAAAAAGAGGACACTGCCACATACTTCTGTACAAGACGCGGGATTGCGACGGACTTTGACTACTGGGGCCAAGGCACCGCTCTCACAGTCTCCTCAG"	1	0	2	0	0	1	1	0	0	0	0	0	3	1	1	0	1	0	0	0	0	0	0	1	0	0	0	0	1	2	0	2	1	728	0	0	5	0	1	1	0	1084	0	1	0	0	1	0	0	0	0	0	0	1	2	0	0	0	9	1	0	2	0	0	1325	1	0	0	8	1	1	0	1	0	0	2	0	0	0	0	0	0	0	1	9	7	5	0	0	0	1	0	0	7	0
"GACATATGACCAATATCCTCTCCACATTCCCTTAAGACACTGACTCTAAACATGGGATGGATCTGGATCTTTCTCTTCCTCCTGTCAGGAACTGCAGGTGTCCACTCTGAGGTCCAGCTGCACCAGTCTGGACCTGAGCTAGTGAAGACTGGGGCTTCAGTGAAGATATCCTGCAAGGCTTCTGGTTACTCATTCACTAGTTACTACATACACTGGGTCAAGCAGAGTCATGGAAAGAGCCTTGAGTGGATTGGACATATTAGTTGTTCCAATGGTGGCACTAACTACAACCAGAAGTTCAAGGACAAGGCCACATTTACTGTAGACACAACCTCCAGCACAGCCTACATGCAGTTCAACAGTCTGACATCTGAGGACTCTGCGGTCTATTACTGTGCACGACAACTACTCTCCTATTACTCTGCTATGGACTACTGGGGTCAAGGAACCTCTGTCACCGTCTCTTCAG"	0	0	0	0	0	1	0	0	0	0	0	0	1	2	0	0	0	0	1	1	0	1	5	3039	0	0	3	0	0	0	0	0	0	0	0	1	0	0	0	0	0	0	0	1	0	1	0	0	0	0	0	0	0	0	0	0	0	0	0	0	1	0	0	0	0	1	0	1	0	0	0	0	1	0	0	1	0	0	0	0	0	0	0	1	0	0	0	0	0	0	0	0	0	0	0
"AACCGACGATCAGTGTCCTCTCCAAAGTCCCTGAACACACTGACTCTAACCATGGAATGGAGTTGGATATTTCTCTTTCTCCTGTCAGGAACTGCAGGTGTCCACTCTGAGGTCCAGCTGCAGCAGTCTGGACCTGAGCTGGTTAAGCCTGGGGCTTCAGTGAAGATGTCCTGCAAGGCTTCTGGATACACATTCAGTAGTTATGTTATACACTGGGTGAAGCAGAAGCCTGGGCAGGGCCTTGAGTGGATTGGATATATTAATCCTTACAATGATGGTACTAAGTACAATGAGAAGTTCAAAGGCAAGGCCACACTGACTTCAGACAAATCCTCCAGCACAGCCTACATGGAGCTCAACAGCCTGACCTCTGAGGACTCTGCGGTCTATTACTGTGCAAGAGGGGGCTACGGTAGTTGGGACTACTGGGGCCAAGGCACCACTCTCACAGTCTCCTCAG"	0	0	1	0	4	0	2	0	0	3	1	1	5	1782	0	0	0	0	6	1	0	1	7	5	1	0	8	0	1045	0	1	1	1	1	0	4	0	0	2	0	0	0	0	1	0	1	1	0	0	0	1	0	0	0	5	2	0	0	3	1	0	4	1	2	0	1	0	1	2	0	0	0	3	0	0	2	0	0	1	0	1	0	0	0	0	0	0	0	0	0	1	1	1	1	0
"AGGCAGAGAACTTTAGCCCTGTCTTCTTTTTTAGTGTTCAGCACTGACAATATGACATTGAACATGCTGTTGGGGCTGAAGTGGGTTTTCTTTGTTGTTTTTTATCAAGGTGTGCATTGTGAGGTGCAGCTTGTTGAGTCTGGTGGAGGATTGGTGCAGCCTAAAGGGTCATTGAAACTCTCATGTGCAGCCTCTGGATTCACCTTCAATATCTACGCCATGAACTGGGTCCGCCAGGCTCCAGGAAAGGGTTTGGAATGGGTTGCTCGCATAAGAAGTAAAAGTAATAATTATGCAACATATTATGCCGATTCAGTGAAAGACAGGTTCACCATCTCCAGAGATGATTCACAAAGCATGCTCTATCTGCAAGTGAACAACTTGAAAACTGAGGACACAGCCATGTATTACTGTGTGAGACAGGGAACTGGGCTTTTTTTTGCTTACTGGGGCCAAGGGACTCTGGTCACTGTCTCTGCAG"	0	0	1	0	1	1	1	1	0	2	0	0	1	0	1	2	0	0	0	2	0	1	0	1	0	0	1	0	0	0	0	1	0	0	0	1	0	0	1	0	0	0	0	2	0	0	0	0	0	0	0	0	1	0	3	2	2	0	3	0	2	0	0	0	0	0	24	0	0	0	0	0	1	0	2624	0	0	0	1	0	0	0	1	0	0	0	0	0	0	0	0	0	1	0	0
"GACATATGACCAATATCCTCTCCACATTCCCTTAAGACACTGACTCTAAACATGGGATGGATCTGGATCTTTCTCTTCCTCCTGTCAGGAACTGCAGGTGTCCACTCTGAGGTCCAGCTGCAGCAGTCTGGACCTGAGCTAGTGAAGACTGGGGCTTCAGTGACGATATCCTGCAAGGCTTCTGGTTACTCATTCACTGGTTACTACATACACTGGGTCAAACAGAGCCATGGAAAGAGCCTTGATTGGCTTGGATATATTGATTGTTACAATGGTGCTACTACCTACAACCAGAATTTCAAGGGCAAGGCCACATTTACTGTAGACACATCCTCCAGCACAGCCTACATGCAGTTCAACAGCCTGACATCTGAAGACTCTGCGGTCTATTACTGTGGAAGAAATCGCTATGATTACTACTTTGACTACTGGGGCCAAGGCACCACTCTCACAGTCTCCTCAG"	0	0	0	0	1	0	0	2	0	2	0	1	0	3	0	0	0	0	1	1	0	0	2	6	0	0	2363	0	1	0	1	0	2	0	0	2	0	0	3	1	0	0	1	0	0	0	2	0	0	0	0	0	0	0	0	1	0	0	0	0	1	0	0	1	0	0	0	0	1	0	0	0	0	0	0	1	1	1	1	0	1	1	0	2	0	0	1	0	0	0	0	0	0	0	0
"GACAGAGGCACCAAACTGTGGACTCACAAGTCTTTCCCTTCAGTGACCAACAGGGACACAGAACATTCACCATGGACTTGAGACTGAGCTGCGCTTTTATTATTGTTCTTTTAAAAGGGGTCCAGAGTGAAGTGAAACTTGAGGAGTCTGGAGGAGGCTTGGTGCAACCTGGAGGATCCATGAAAATCTCCTGTGTAGGCTCTGGATTTACTTTCAATAAATACTGGATGTCTTGGGTCCGCCAGTCTCCAGAGAAGGGGCTTGAGTGGGTTGCTGAAATTAGATTGAAATCTGATAATTATGCAACACATTATGCGGAGTCTGTGAAAGGGAAGTTCACCATCTCAAGAGATGATTCCAAAAGTCGTCTCTACCTGCAAATGAACAGCTTAAGAGCTGAAGACACTGGAATTTATTACTGTACCTATGGTTACGACGTCGCCTGGTTTGCTTACTGGGGCCAAGGGACTCTGGTCACTGTCTCTGCAG"	0	1	1	0	1	0	2	0	1	0	0	0	0	0	1	1	0	0	0	1	0	0	1	1	0	0	0	0	0	2	0	1	0	0	0	1	1	0	0	1	0	0	0	1	0	0	1	0	0	0	0	0	0	0	1	0	1	0	0	0	0	0	0	0	0	2263	0	0	0	0	0	0	0	0	2	0	0	0	0	0	2	0	0	0	0	0	0	0	0	0	1	0	0	1	0
"GAAAACAACCAATGATCAGTGTCCTCTCTACACAGTCGCTGACAACACTGACTCTAACCATGGGATGGAGCTGGATCTTTCCCTTCCTCCTATCAGGAACTGCAGGTGTCCATTGCCTGGTCCAGCTGCAGCAATCTGGACCTGAGCTGGTGAAGCCTGGGGCTTCAGTGAAGATATCCTGTAAGGCTTCTGGCTATTCCTTCACAATCTACTATATACACTGGATGAAAGAGAGGCCTGGACAGGGCCTTGAGTGGATTGGATATGTTTATCCTGGTGATGGTACTACTAATTACAATGAGAACTTCAAGGTCAAGGCCACACTGACTGCAGACACTTCCACCAGCACAGCCTACATGCAGCTCAGCAGCCTGACATCTGAGGACTCTGCAGTCTATTTCTGTGCAAGAGATGGTAACGGGTTTGCTTACTGGGGCCAAGGGACTCTGGTCACTGTCTCTGCAG"	0	0	1	0	0	1	0	0	0	0	0	0	0	2	1	0	0	0	0	0	0	0	0	2	0	0	0	0	0	0	0	0	1	0	0	1	0	0	2	0	1	0	1	1	0	0	0	0	0	0	0	0	0	0	0	2189	1	0	1	0	1	1	0	0	0	0	0	0	0	0	0	0	1	0	0	0	0	0	0	0	0	0	0	1	0	1	0	0	0	0	0	0	0	0	0
"AACACATGCCCAATGTCCTCTCCACAGACACTGAACACACTGACTCCAACCATGGGATGGAGCTGGATCTTTCTCTTTCTCTTGTCAGGAACTGGAGGTGTCCTCTCTGAGGTCCAGCTGCAACAGTCTGGACCTGAGCTGGTGAAGCCTGGGGCTTCAGTGAAGATGTCCTGCAAGGCTTCTGGATACACCTTCACTGACTACTACATGAAGTGGGTGAAGCAGAGCCATGGAAAGAGCCTTGAGTGGATTGGAGATATTAATCCTAACAATGGTGATACTTTCTACAACCAGAAGTTCAAGGGCAAGGCCACATTGACTGTAGACAAATCCTCCAGCACAGCCTACATGCAGCTCAACAGCCTGACATCTGAGGACTCTGCAGTCTATTACTGTGCAAGCAGAGAGGGGTTTGCTTACTGGGGCCAAGGGACTCTGGTCACTGTCTCTGCAG"	0	0	1	1	1	2	0	0	1	1	0	0	1	1	1	2	0	0	1	4	1	0	2	4	2	0	0	0	0	2	0	1	0	0	0	2043	0	0	2	1	0	2	0	7	0	0	1	1	0	0	0	0	0	0	0	2	0	0	2	0	1	0	0	0	0	1	0	0	0	0	0	0	1	0	0	0	0	0	2	0	0	0	0	4	1	0	0	0	0	0	0	0	0	0	0
"ATCAACATTTGTCCAATGTCCTCTCCACAGTCCCTGCAGACAGTGACTCTAACCATGGAATGGAGCTGGATCTTTCTCTTCCTCCTGTCAGGAACTGCAGGTGTCCACTCTGAGGTCCAGCTTCAGCAGTCTGGGCCTGAGCTGGGGAAGCCTGGGGCTTCAGTGAAGATATCCTGCAAGGCTTCTGGTTACTCATTCACTGGCTACAACATGTACTGGGTGAAGCAGAGCCATAAGAAAAGCCTTGACTTGATTGGATTCATTGATCCTTACAATGGTGATACTGACTACAACCTGAAGTCCAAGGGCAAGGCCACATTGACTGTAGACAAATCTTCCAGTACAGCCTTCATGCATCTCAACAGCCTGACATCTGAGGACTCTGCAATCTATTACTGTGCAAGACGAGATGTTAACTACGGAGCCTGGTTTGCTTACTGGGGCCAAGGGACTCTGGTCACTGTCTCTGCAG"	0	0	916	2	0	1	0	0	0	0	0	0	2	0	0	2	0	0	0	0	0	0	1	1	773	0	1	0	2	0	0	1	1	0	0	2	1	0	0	0	0	0	0	0	0	0	1	0	0	0	0	0	0	0	1	0	0	0	0	1	0	2	0	0	0	0	0	1	0	0	0	0	0	0	0	0	0	0	0	0	0	0	0	0	0	0	0	0	0	0	0	0	1	1	0
"ATCCTCTTCTCATAGAGCCTCCATCAGACCATGGCTGTCCTGGCACTGCTCCTCTGCCTGGTGACATTCCCAAGCTGTGTCCTGTCCCAGGTGCAGCTGAAGGAGTCAGGACCTGGCCTGGTGGCGCCCTCACAGAGCCTGTCCATCACATGCACTGTCTCAGGGTTCTCATTAAACAGCTATGGTGTAAGCTGGGTTCGCCAGCCTCCAGGAAAGGGTCTGGAGTGGCTGGGAGTAATATGGAATGACGGGAACACAAAATATCATTCAGCTCTCATATCCAGACTGAGAATCAGCAAGGATAAGTCCAAGAGCCAAGTTTTCTTAAAACTGAACAGTCTGCAAACTGATGACACAGCCACGTACTACTGTGCCAAACCCGGGGGTTATAACGACCCTTGGTACTTCGATGTCTGGGGCGCAGGGACCACGGTCACCGTCTCCTCAG"	0	0	0	0	0	0	0	0	1	0	0	0	0	1	1498	0	0	0	0	0	0	0	0	2	1	0	0	0	0	0	0	0	0	0	0	0	0	0	1	0	0	0	0	0	0	0	0	0	0	0	0	0	0	0	1	0	0	0	0	0	0	1	0	0	0	1	0	1	1	0	0	0	0	0	0	1	0	0	0	0	0	1	1	1	0	1	0	0	0	0	0	0	0	0	0
"ACAGTCCCTGAAGACACTGACTCTAACCATGGAATGGAGGTGGGTCTTTCTCTTCCTCCTGTCAGTAATTGCAGGTGTCCAATCCCAGGTTCAACTGCAGCAGTCTGGGGCTGACCTGGTGAGGCCTGGGGCTTCAGTGACGCTGTCCTGCAAGGCTTCGGGCTACACATTTACTGACTATGAAATGCACTGGGTGAAGCAGACACCTGTGCATGGCCTGGAATGGATTGGAGCTATTGATCCTGAAACTGGTGGTACTGTCTACAATCCGAAGTTCAAGGACAAGGCCACACTGACTGCAGACAAATCCTCCAGCACAGCCTACATGGAGCTCCGCAGCCTGACATCTGAGGACTCTGCCGTCTATTACTGTACAAGATGGGATGACCCGGACTACTGGGGCCAAGGCACCACTCTCACAGTCTCCTCAG"	0	0	0	0	0	1	1	0	0	0	0	0	2	1	0	0	0	0	1	0	0	0	1	2	0	0	0	0	0	1	0	0	1420	0	0	1	0	0	0	0	0	0	1	2	0	1	0	0	0	0	0	0	0	0	1	1	0	1	0	2	0	3	0	0	0	0	0	3	1	0	0	0	4	0	1	0	0	0	0	0	0	0	1	1	1	0	1	0	0	0	0	0	0	0	0
"AAAACATGAGATCACAGTTCTCTCTACAGTTACTGAGCACACAGGACCTCACCATGGGATGGAGCTAAATCATTCTCTTTTTGGTAATAACAGCTACAGGTGTCCACTCCCAGGTTCAACTCCAGCAGCCTGGGGCTGAACTGGTGAAGCCTGGGACTTCAGTGAAGTTGTCCTTCAAGGCTTCTGGCTACACCTTCACCAGCTCCTGGATGCACTGGGTGAACCTGAGGCCTGGACAAGGCTTTGAGTGGTTTGGAGAGATTAATCCTGACAATGCTGGTACTAACTACAATGAGAAATTCAAGAGAAAGGCCACACTGACTGTAGACAAATCCTCCAGCACAGCCTACATGGAACTCAGCAGCCTGACATCTGAGGACTCTGCGGTCTATTACTGCACAATCATAGGATTACTATGCTATGGACTACTGGGGTCAAGGAACCTCAGTCACCGTCTCCTCAG"	0	0	1	0	1	0	0	0	0	0	0	0	0	2	0	0	1	0	3	0	0	0	0	0	0	0	0	0	0	0	0	0	1	0	0	0	0	0	0	0	0	0	0	2	0	2	538	0	0	0	0	0	0	0	823	0	0	0	0	0	0	0	0	0	0	0	0	0	1	0	0	0	3	0	1	0	0	0	0	0	0	0	0	1	0	1	0	1	0	0	0	1	0	0	0
"ACAGTCCCTGAAGACACTGACTCTAACCATGGAATGGAGCTGGGTCTTTCTCTTCCTCCTGTCAGTAATTGCAGGTGTCCAATCCCAGGTTCAACTGCAGCAGTCTGGGGCTGAACTGGTGAGGCCTGGGGCTTCAGTGACGCTGTCCTGCAAGGCTTCGGGCTACACATTTACTGACTATGAAATGCACTGGGTGAAGCAGACACCTGTGCATGGCCTGGAATGGATTGGAGCTATTGATCCTGAAACTGGTGGTACTGCCTACAATCAGAAGATCAAGGGCAAGGCCACACTGACTGCAGACAAATCCTCCAGCACAGCCTACATGGAGCTCCGCAGCCTGACATCTGAGGACTCTGCCGTCTATTACTGTACGGGTTATTACTACGGTTACTGGGGCCAAGGCACCACTCTCACAGTCTCCTCAG"	0	0	0	0	2	0	0	0	0	1	0	0	8	1	0	0	0	0	1	1	1	0	0	0	0	0	0	0	0	1	0	2	0	0	0	0	1	0	2	0	0	0	0	1	0	4	1	0	0	0	0	0	0	0	2	0	0	0	0	0	0	2	0	0	0	1	0	1304	2	7	0	1	2	0	1	2	0	0	0	0	0	0	0	0	2	0	0	0	0	0	0	0	0	0	0
"GCATATGATCAGTAACCTCTTCACAGTCACTGAAAACACTGACTCTAATCATGGATTGTAACTGGATACTTCCTTTTATTCTGTCAGTAACTTCAGGTGTCTACTCACAGGTTCAGCTCCAGCAGTCTGGGGCTGAGCTGGCAAGACCTGGGACTTCAGTGAGGTTGTCCTGCAAGACTTCTGGCTACACCTTTACTCGCTACTGGATGCAGTGGGTAAAACAGAGGCCTGGACAGGGTCTGGAATGGATTGGGTCTATTTTTCCTGGAGATGGTGATGCTAGGTACACTCCGAAGTTCAAGGGCAAGGCCACATTGACTGCAGATAAATCCTCCAGCACAGCCTACATGCAACTCAGCAGCTTGGCATCTGAGGACTCTGCGGTCTATTATTGTGCAAGAGACGGTAACTATGCTATGGACTACTGGGGTCTAGGAACCTCAGTCACCGTCTCCTCAG"	0	0	0	0	1	0	0	0	0	0	0	0	2	0	2	0	0	0	0	1	0	0	1	0	0	0	0	0	0	1	0	0	0	0	0	0	0	0	0	0	0	0	1	0	0	0	1	0	1	0	0	0	0	0	0	0	0	0	0	0	0	1	1	0	0	0	0	0	0	0	0	0	2	0	0	0	1130	0	0	0	0	0	0	0	0	0	0	1	0	0	0	0	0	0	0
"ATCTCTCTCACTGGAGGCTGATTTTTGAAGAAAGGGGTTGTAGCCTAAAAGATGATGGTGTTAAGTCTTCTGTACCTGTTGACAGCCCTTCCGGGTATCCTGTCAGAGGTGCAGCTTCAGGAGTCAGGACCTAGCCTCGTGAAACCTTCTCAGACTCTGTCCCTCACCTGTTCTGTCACTGGCGACTCCATCACCAGTGGTTACTGGAACTGGATCCGGAAATTCCCAGGGAATAAATTTGAGCACATGGGGTACATAAACTACAGTGGTAACACTTACTACAATCCATCTCTCAAAAGTCGAATCTCCATCACTCGAGACACATCCAAGAACCAGTACTACCTGCAGTTGAATTCTGTGACTACTGAGGACACAGCCACATATTACTGTGCAAGGGGGGGTTACGACGGGGACTACTGGGGCCAAGGCACAACTCTCACAGTCTCCTCAG"	238	0	0	0	0	2	1	0	332	0	0	0	1	0	0	0	0	0	1	0	0	0	0	0	0	0	0	0	0	0	0	0	0	0	0	0	0	0	0	0	0	0	0	1	1	0	0	0	0	0	0	0	0	1	0	0	0	0	0	0	0	0	0	0	0	0	0	0	0	0	0	0	0	0	1	1	0	0	0	0	0	0	0	0	0	0	0	0	0	0	0	0	0	0	0
"ATATGAGCCCTATCTTCTCTACAGACACTGAATCTCAAGGTCCCTACAATGAAATGCAGCTGGGTCATCTTCTTCCTGATGGCAGGGGTTACAGGGGTCAATTCAGAGGTTCAGCTGCAGCAGTCTGTGGCAGAGCTTGTGAAGCCAGGGGCCTCAGTCAAGTTGTCCTGCACAGCTTCTGGCTTCAACATTAAAGACACCTATATGCACTGGGTGAAGCAGAGGCCTGAACAGGGCCTGGAGTGGATTGGAAGAATTGGTCCTGCGAATGGTAATACTAAATATGACCCGAAGTTCCAGGGCAGGGCCACTATAACAGCAGACACATCCTCCAACACAGCCTACCTGCAGCTCAGCAGCCTGACATCTGAGGACACTGCCGTCTATTACTGTGCTTCTATTACTTCGGTTCTTGACTACTGGGGCCAAGGCACCATTCTCACAGTCTCCTCAG"	0	0	0	0	0	2	2	0	1	3	0	0	0	0	0	2	518	0	0	0	1	0	0	0	1	0	0	0	0	0	0	1	0	0	0	0	0	1	0	0	0	0	0	0	0	0	0	0	0	0	0	0	0	0	0	0	0	0	0	0	0	0	0	2	0	0	0	0	0	0	0	0	0	0	0	0	0	0	2	0	0	0	0	6	0	0	6	0	0	0	0	0	0	0	0
"ACATCTCTCTCATTAGAGGTTGATCTTTGAGGAAAACAGGGTGTTGCCTAAAGGATGAAAGTGTTGAGTCTGTTGTACCTGTTGACAGCCATTCCTGGTATCCTGTCTGATGTACAGCTTCAGGAGTCAGGACCTGGCCTCGTGAAACCTTCTCAGTCTCTGTCTCTCACCTGCTCTGTCACTGGCTACTCCATCACCAGTGGTTATTACTGGAACTGGATCCGGCAGTTTCCAGGAAACAAACTGGAATGGATGGGCTACATAAGCTACGACGGTAGCAATAACTACAACCCATCTCTCAAAAATCGAATCTCCATCACTCGTGACACATCTAAGAACCAGTTTTTCCTGAAGTTGAATTCTGTGACTACTGAGGACACAGCTACATATTACTGTGCAAGCTTTCGGATTACTACGGTAGTAGCTACCGTTTTACTGGGGCCAAGGCACCACTCTCACAGTCTCCTCAG"	0	0	0	0	0	0	0	0	0	0	0	0	0	0	0	0	0	0	74	0	0	0	0	3	0	0	0	0	0	0	0	0	0	0	0	0	0	0	0	0	0	0	0	0	0	0	1	0	0	0	0	0	0	0	0	0	0	0	0	0	0	0	0	0	0	0	0	0	0	0	0	0	386	0	0	0	0	0	0	1	0	0	0	0	0	0	1	0	0	0	0	0	0	0	0
"AGCTCTGACAGAGGAGGCCGGTCCTGGATTCGAGTTCCTCACATTCAGTGATGAGCACTGAACACGGACCCCTCACCATGAACTTCGGGCTCAGCTTGGTTTTCCTTGTCCTTGTTTTAAAAGGTGTCCAGTGTGAACTGCAGCTGGTGGAGTCTGGGGGAGACTAAGTGAAGCCTGGAGGGTCCCTGAAACGCTCCTGTCCAGCCTCTGGATTCACTTTCATGTGAAGGGACGATTCACCATCTCCAGAGACAGTGCCAAGAACAATTTGTACCTGCAAATGAGCAGTCTGAAGTCTGAGGACACAGCCAAGTATTACTATACAAGAAATCGGGGAGAACTTTGATTAGAGGACTGTACTATGGACTACTGGGGTCAAGGCACCTCAGTCACCGTCTCCTCAG"	0	0	0	0	0	1	0	0	0	0	0	0	0	0	0	0	0	0	0	1	0	0	0	0	0	0	0	0	0	0	0	0	0	0	1	0	0	0	1	0	0	0	0	1	0	0	0	0	92	0	2	0	0	0	0	0	87	0	0	0	0	0	0	0	0	0	0	0	0	0	0	0	0	0	0	149	0	0	0	0	0	0	2	0	0	1	0	0	0	0	3	0	0	0	0
"AAAACATGAGATCACAGTTCTCTCTACAGTTACTGAGCACACAGGAACTCACCATGGGATGGAGCTATATCATCCTCTTTTTGGTAATAACAGCTACAGGTGTCCACTCCCAGGTTCAACTCCAGCAGCCTGGGGCTGAACTGGTGAAGCCTGGGACTTCAGTGAAGTTGTCCTTCAAGGCTTCTGGCTACACCTTCACCAGCTCCTGGATGCACTGGGTGAACCTGAGGCCTGGACAAGGCTTTGAGTGGTTTGGAGAGATTAATCCTGACAATGCTGGTACTAACTACAATGAGAAATTCAAGAGAAAGGCCACACTGACTGTAGACAAATCCTCCAGCACAGCCTACATGGAACTCAGCAGCCTGACATCTGAGGACTCTGCGGTCTATTACTGCACAATCATAGGATTACTATGCTATGGACTACTGGGGTCAAGGAACCTCAGTCACCGTCTCCTCAG"	0	0	0	0	0	0	0	0	0	0	1	0	0	0	0	0	0	0	0	0	0	0	0	0	0	0	0	0	0	0	0	0	0	0	0	0	0	0	0	0	0	0	0	0	0	0	123	0	0	0	0	0	0	0	196	0	0	0	0	0	0	0	0	0	0	0	0	0	0	0	0	0	0	0	0	0	0	0	0	0	0	0	0	0	0	0	0	0	0	0	0	0	0	2	0
"AAAACATGAGATCACAGTTCTCTCTACAGTTACTGAGCACACAGGAACTCACCATGGGATGGAGCTATATCATCCTCTTTTTGGTAGCAACAGCAACAGGTGTCCACTCCCAGGTCCAACTGCAGCAGTCTGGGGCTGAACTGGTGAAGCCTGGGACTTCAGTGAAGTTGTCCTTCAAGGCTTCTGGCTACACCTTCACCAGCTCCTGGATGCACTGGGTGAACCTGAGGCCTGGACAAGGCTTTGAGTGGTTTGGAGAGATTAATCCTGACAATGCTGGTACTAACTACAATGAGAAATTCAAGAGAAAGGCCACACTGACTGTAGACAAATCCTCCAGCACAGCCTACATGGAACTCAGCAGCCTGACATCTGAGGACTCTGCGGTCTATTACTGCACAATCATAGGATTACTATGCTATGGACTACTGGGGTCAAGGAACCTCAGTCACCGTCTCCTCAG"	0	0	0	0	0	0	0	0	0	0	0	0	0	0	0	0	0	0	1	0	0	0	0	0	0	0	0	0	0	0	0	0	0	0	0	0	0	0	0	0	0	0	0	0	2	0	84	0	0	0	0	0	0	0	186	0	0	0	0	0	0	0	0	0	0	0	0	0	0	0	0	0	1	0	0	0	0	0	0	0	0	0	0	0	0	0	0	0	0	0	0	0	0	0	0
"AAAACATGAGATCACAGTTCTCTCTACAGTTACTGAGCACACAGGAACTCACCATGGGATGGAGCTATATCATCCTCTTTTTGGTAGCAACAGCAACAGGTGTCCACTCCCAGGTCCAACTGCAGCAGTCTGGGGCTGAACTGGTGAAGCCTGGGGCTTCAGTGAAGTTGTCCTGCAAGGCTTCTGGCTACCGCTTCACCAGGTACTATCTGTACTGGGTGATACAGAGGCCTGGACAAGGCCTTGAGTGGATTGGAGCGATCAATCCTAGCAATGGTGGTGATAAGTTCAATGAGAAATTCAAGAGAAAGGCCACACTGACTGTAGACAAATCCTCCAGCACAGCCTACATGGAACTCAGCAGCCTGACATCTGAGGACTCTGCGGTCTATTACTGCACAATCATAGGATTACTATGCTATGGACTACTGGGGTCAAGGAACCTCAGTCACCGTCTCCTCAG"	0	0	0	0	0	0	1	0	0	0	0	0	0	0	0	0	0	0	0	0	0	0	0	0	0	0	0	0	0	1	0	0	0	0	0	0	0	0	0	0	0	0	0	0	0	1	78	0	0	0	0	0	0	0	172	0	0	0	0	0	0	0	0	0	0	0	0	0	0	0	0	0	0	0	0	0	0	0	0	0	0	0	0	0	0	0	0	0	0	0	0	0	0	0	0
"AAAAACATGAGATCACAGTTCTCTCTACAGTTACTGAGCACACAGGACCTCACCATGGGATGGAGCTAAATCATTCTCTTTTTGGTAATAACAGCTACAGGTGTCCACTCCCAGGTTCAACTCCAGCAGCCTGGGGCTGAACTGGTGAAGCCTGGGGCTTCAGTGAAGTTGTCCTGCAAGGCTTCTGGCTACCGCTTCACCAGGTACTATCTGTACTGGGTGATACAGAGGCCTGGACAAGGCCTTGAGTGGATTGGAGCGATCAATCCTAGCAATGGTGGTGATAAGTTCAATGAGAAATTCAAGAACAAGGCCACTCTGACTGTCGACAAATCCTCCAACACAGCATACATGCAACTCAGTAGCCTGACATCTGAGGACTCTGCGGTCTATTACTGTACCCTTAGTACGGCTGTTGTCTTTGACCATTGGGGCCAAGGCACCACTCTCACAGTCTCCTCAG"	0	0	0	0	0	0	0	0	0	0	0	0	0	0	0	0	0	0	0	0	0	0	0	0	0	0	0	0	0	0	0	0	0	0	0	0	0	0	0	0	0	0	0	0	0	0	61	0	0	0	0	0	0	0	180	0	0	0	0	0	0	0	0	0	0	0	0	0	0	0	0	0	0	0	0	0	0	0	0	0	0	0	0	0	0	0	1	0	0	0	0	0	0	0	0
"AAAACATGAGATCACAGTTCTCTCTACAGTTACTGAGCACACAGGAACTCACCATGGGATGGAGCTATATCATCCTCTTTTTGGTAGCAACAGCAACAGGTGTCCACTCCCAGGTCCAACTGCAGCAGTCTGGGGCTGAACTGGTGAAGCCTGGGGCTTCAGTGAAGTTGTCCTGCAAGGCTTCTGGCTACCGCTTCACCAGGTACTATCTGTACTGGGTGATACAGAGGCCTGGACAAGGCCTTGAGTGGATTGGAGCGATCAATCCTAGCAATGGTGGTGATAAGTTCAATGAGAAATTCAAGAACAAGGCCACTCTGACTGTCGACAAATCCTCCAACACAGCATACATGCAACTCAGTAGCCTGACATCTGAGGACTCTGCGGTCTATTACTGCACAATCATAGGATTACTATGCTATGGACTACTGGGGTCAAGGAACCTCAGTCACCGTCTCCTCAG"	0	0	0	0	0	0	0	0	0	0	0	0	0	0	0	0	0	0	0	0	0	0	0	0	0	0	0	0	0	0	0	0	0	0	0	0	0	0	0	0	0	0	0	0	0	0	66	0	0	0	0	0	0	0	139	0	0	0	0	0	0	0	0	0	0	0	0	0	0	0	0	0	0	0	0	0	0	0	0	0	0	0	0	0	0	0	0	0	0	0	0	0	0	0	0
"ACAGTCCCTGAAGACACTGACTCTAACCATGGAATGGAGGTGTCCAATCCCAGGTTCAACTGCAGCAGTCTGGGGCTGACCTGGTGAGGCCTGGGGCTTCAGTGACGCTGTCCTGCAAGGCTTCGGGCTACACATTTACTGACTATGAAATGCACTGGGTGAAGCAGACACCTGTGCATGGCCTGGAATGGATTGGAGCTATTGATCCTGAAACTGGTGGTACTGTCTACAATCCGAAGTTCAAGGACAAGGCCACACTGACTGCAGACAAATCCTCCAGCACAGCCTACATGGAGCTCCGCAGCCTGACATCTGAGGACTCTGCCGTCTATTACTGTACAAGATGGGATGACCCGGACTACTGGGGCCAAGGCACCACTCTCACAGTCTCCTCAG"	0	0	0	1	0	0	1	0	0	0	0	0	0	0	0	0	0	0	0	0	0	0	0	0	0	0	0	0	0	0	0	0	184	0	0	0	0	0	0	1	0	0	0	0	0	0	0	0	0	0	0	0	0	0	0	0	0	0	0	0	0	0	0	0	0	0	0	0	0	0	0	0	0	0	0	0	0	0	0	0	0	0	0	0	0	0	0	0	0	0	0	0	0	0	0
"AAAACATGAGATCACAGTTCTCTCTACAGTTACTGAGCACACAGGACCTCACCATGGGATGGAGCTAAATCATTCTCTTTTTGGTAATAACAGCTACAGGTGTCCACTCCCAGGTTCAACTCCAGCAGCCTGGGGCTGAACTGGTGAAGCCTGGGACTTCAGTGAAGTTGTCCTTCAAGGCTTCTGGCTACACCTTCACCAGCTCCTGGATGCACTGGGTGAACCTGAGGCCTGGACAAGGCTTTGAGTGGTTTGGAGCGATCAATCCTAGCAATGGTGGTGATAAGTTCAATGAGAAATTCAAGAACAAGGCCACTCTGACTGTCGACAAATCCTCCAACACAGCATACATGCAACTCAGTAGCCTGACATCTGAGGACTCTGCGGTCTATTACTGTACCCTTAGTACGGCTGTTGTCTTTGACCATTGGGGCCAAGGCACCACTCTCACAGTCTCCTCAG"	0	0	0	0	0	0	0	0	0	0	0	0	0	0	0	0	0	0	0	0	0	0	0	0	0	0	0	0	0	0	0	0	0	0	0	0	0	0	0	0	0	0	0	0	0	0	62	0	0	0	0	0	0	0	123	0	0	0	0	0	0	0	0	0	0	0	0	0	0	0	0	0	0	0	0	0	0	0	0	0	0	0	0	0	0	0	0	0	0	0	0	0	0	0	0
"AGCTCTGACAGAGGAGGCCGGTCCTGGATTCGAGTTCCTCACATTCAGTGATGAGCACTGAACACGGACCCCTCACCATGAACTTCGGGCTCAGCTTGGTTTTCCTTGTCCTTGTTTTAAAAGGTGTCCAGTGTGAAGTGAACCTGGTGGAGTCTGGGGGAGGCTTAGTGAAGCCTGGAGGGTCCCTGAAACTCTCCTGTGCAGCCTCTGGATTCACTTTCATTTACTATGCCATGTCTTGGGTTCGCCAGACTCCAGAGAAGAGGCTGGAATGGGTCGCATCCATTACTAGTGGTGGTGCCACCTACTATCCAGACATTGTGAAGGGCCGATTCACCATCTCCAGAGATAATGCCAGGAACATCCTGTATCTGCAAATGAACAGTCTGAGGTCTGAGGACACGGCCATTTATTACTGTGCAAGAGGGGATTACTCCGGTCACTGGTACTTCGATGTCTGGGGCGCAGGGACCACGGTCACCGTCTCCTCAG"	0	0	0	0	0	0	0	0	0	0	0	0	0	0	1	0	0	0	0	0	0	0	0	0	0	0	0	0	0	0	0	0	0	0	0	0	0	0	0	0	0	0	0	0	0	0	0	0	27	0	1	0	0	0	0	0	28	0	0	0	1	0	0	0	0	0	0	0	0	0	0	0	0	0	0	90	0	0	0	0	0	0	3	0	0	0	0	0	0	0	4	0	0	0	0
"AAAACATGAGATCACAGTTCTCTCTACAGTTACTGAGCACACAGGACCTCACCATGGGATGGAGCTAAATCATTCTCTTTTTGGTAATAACAGCTACAGGTGTCCACTCCCAGGTTCAACTCCAGCAGCCTGGGGCTGAACTGGTGAAGCCTGGGACTTCAGTGAAGTTGTCCTTCAAGGCTTCTGGCTACACCTTCACCAGCTCCTGGATGCACTGGGTGAACCTGAGGCCTGGACAAGGCTTTGAGTGGTTTGGAGAGATTAATCCTGACAATGCTGGTACTAACTACAATGAGAAATTCAAGAGAAAGGCCACACTGACTGTAGACAAATCCTCCAGCACAGCCTACATGGAACTCAGCAGCCTGACATCTGAGGACTCTGCGGTCTATTACTGTACCCTTAGTACGGCTGTTGTCTTTGACCATTGGGGCCAAGGCACCACTCTCACAGTCTCCTCAG"	0	0	0	0	0	0	0	0	0	0	0	0	0	0	0	0	0	0	0	0	0	0	0	0	0	0	0	0	0	0	0	0	0	0	0	0	0	0	0	0	0	0	0	0	0	0	55	0	0	0	0	0	0	0	98	0	0	0	0	0	0	0	0	0	0	0	0	0	0	0	0	0	0	0	0	0	0	0	0	0	0	0	0	0	0	0	0	0	0	0	0	0	0	0	0
"AAAAAGTCCCTGAACACACTGACTCTAACCATGGAATGGAGTTGGATATTTCTCTTTCTCCTGTCAGGAACTGCAGGTGTCCACTCTGAGGTCCAGCTGCAGCAGTCTGGACCTGAGCTGGTTAAGCCTGGGGCTTCAGTGAAGATGTCCTGCAAGGCTTCTGGATACACATTCAGTAGTTATGTTATACACTGGGTGAAGCAGAAGCCTGGGCAGGGCCTTGAGTGGATTGGATATATTAATCCTTACAATGATGGTACTAAGTACAATGAGAAGTTCAAAGGCAAGGCCACACTGACTTCAGACAAATCCTCCAGCACAGCCTACATGGAGCTCAACAGCCTGACCTCTGAGGACTCTGCGGTCTATTACTGTGCAAGAGGGGGCTACGGTAGTTGGGACTACTGGGGCCAAGGCACCACTCTCACAGTCTCCTCAG"	0	0	0	0	1	1	0	0	0	0	0	0	0	87	0	0	0	0	0	0	0	0	0	0	0	0	0	0	40	0	0	0	0	0	0	1	0	0	1	0	0	0	0	0	0	0	1	0	0	0	0	0	0	0	0	0	0	0	0	0	0	0	0	0	0	0	0	1	1	0	0	0	0	0	0	0	0	0	0	0	0	0	0	0	0	0	0	0	0	0	0	0	0	0	0
"GACAGAGGAGGCCAGTCCTGGATTTGAGTTCCTCACATTCAGTGATGAGCACTGAACACAGACACCTCACCATGAACTTCGGGTTCAGCTTGATTTTCCTTGTCCTTGTTTTAAAAGGTGTCCAGTGTGAACTGCAGCTGGTGGAGTCTGGGGGAGACTAAGTGAAGCCTGGAGGGTCCCTGAAACGCTCCTGTCCAGCCTCTGGATTCACTTTCATGTGAAGGGACGATTCACCATCTCCAGAGACAGTGCCAAGAACAATTTGTACCTGCAAATGAGCAGTCTGAAGTCTGAGGACACAGCCAAGTATTACTATACAAGAAATCGGGGAGAACTTTGATTAGAGGACTGTACTATGGACTACTGGGGTCAAGGCACCTCAGTCACCGTCTCCTCAG"	0	0	0	0	0	0	0	0	0	0	0	0	0	0	0	0	0	0	0	0	0	0	0	0	0	0	0	0	0	0	0	0	0	0	0	0	0	0	0	0	0	0	0	0	0	0	0	0	34	0	0	0	0	0	0	0	23	0	0	0	0	0	0	0	0	0	0	0	0	2	1	0	0	0	0	66	0	0	0	0	0	0	0	0	0	0	1	0	0	0	1	0	0	0	0
"ACAGTCCCTGAAGACACTGACTCTAACCATGGAATGGAGCTGGGTCTTTCTCTTCCTCCTGTCAGTAATTGCAGGTGTCCAATCCCAGGTTCAACTGCAGCAGTCTGGGGCTGAACTGGTGAGGCCTGGGGCTTCAGTGACGCTGTCCTGCAAGGCTTCGGGCTACACATTTACTGACTATGAAATGCACTGGGTGAAGCAGACACCTGTGCATGGCCTGGAATGGATTGGAGCTTTTGATCCTGAAACTGGTAATACTGCCTACAATCAGAAATTCAAGGACAAGGCCACACTGACTACAGACAAATCCTCCAGCACAACCTACATGGAGTTCCGCAGCCTGACATCTGAGGACTCTGCCGTCTATTCCTGTACGAGACATGTACGAGACTACTAGGGCCAAGGCACCACTCTCACAGTCTCCTCAG"	0	0	0	0	24	0	0	0	0	0	0	0	66	0	0	0	0	0	0	0	0	0	0	0	0	0	0	0	0	0	0	0	0	0	0	0	0	0	0	0	0	0	0	0	0	0	0	0	0	0	0	0	0	0	0	0	0	0	0	0	0	24	0	0	0	0	0	0	0	0	0	0	1	0	0	0	0	0	0	0	0	0	0	0	0	0	0	0	0	0	0	0	0	0	0
"ATTGCTCTCACTGGAGGCTGATCTCTGAAGATAAGGAGGTGTTGCCTAAAAGATGAGAGTGCTGATTCTTTTGTGCCTGTTCACAGCCTTTCCTGGTATCCTGTCTGATGTGCAGCTTCAGGAGTCAGGACCTGACCTGGTGAAACCTTCTCAGTCACTTTCACTCACCTGCACTGTCACTGGCTACTCCATCACCAGTGGTTATAACTGGCACTGGATCCGGCAGTTTCCAGGAAACAGACTGGAATGGATGGGGTACATACACTACAATGGTAGCACTCGCTACAACCCATCTCTCAAAAGTCGAATCTCTATCACTCGAGACACATCCAAGAACCAGTTCTTCCTGCAGTTGAATTCTGTGACTACTGAGGACACAGCCACATATTACTGTACAAGAAAGAGAGATGGTTACTGGTTTGTTTACTGGGGCCAAGGGACTCTGGTCACTGTCTCTGCAG"	0	0	0	0	0	0	0	0	0	0	0	0	0	0	0	0	0	0	0	0	0	0	0	0	0	0	0	0	0	0	0	0	3	0	0	0	0	0	0	0	0	0	0	0	0	0	0	0	0	0	0	0	0	0	0	0	0	0	0	0	1	0	0	0	0	0	0	0	0	0	0	0	0	6	0	0	0	0	0	0	0	102	0	0	0	0	0	0	0	0	0	0	0	0	0
"GACAGAGGAGGCCAGTCCTGGATTTGAGTTCCTCACATTCAGTGATGAGCACTGAACACAGACACCTCACCATGAACTTCGGGTTCAGCTTGATTTTCCTTGTCCTTGTTTTAAAAGGTGTCCAGTGTGAAGTGAACCTGGTGGAGTCTGGGGGAGGCTTAGTGAAGCCTGGAGGGTCCCTGAAACTCTCCTGTGCAGCCTCTGGATTCACTTTCATGTGAAGGGACGATTCACCATCTCCAGAGACAGTGCCAAGAACAATTTGTACCTGCAAATGAGCAGTCTGAAGTCTGAGGACACAGCCAAGTATTACTATACAAGAAATCGGGGAGAACTTTGATTAGAGGACTGTACTATGGACTACTGGGGTCAAGGCACCTCAGTCACCGTCTCCTCAG"	0	0	0	0	1	0	0	0	0	0	0	0	0	0	0	0	0	0	0	0	0	0	0	0	0	0	0	0	1	0	0	0	0	0	0	0	0	0	0	0	0	0	0	1	0	0	0	0	16	0	1	0	0	0	0	0	14	0	0	0	0	0	0	0	0	0	0	0	0	0	0	0	0	0	0	71	0	0	0	0	0	0	1	0	0	0	0	0	0	0	1	0	0	0	0
"AAAACATGAGATCACAGTTCTCTCTACAGTTACTGAGCACACAGGACCTCACCATGGGATGGAGCTATATCATCCTCTTTTTGGTAGCAACAGCTACAGATGTCCACTCCCAGGTCCAACTGCAGCAGCCTGGGGCTGAACTGGTGAAGCCTGGGGCTTCAGTGAACCTGTCCTGCAAGGCTTCTGGCTACACCTTCACCAGCTACTGGATACACTGGGTGAAACAGAGGCCTGGGCAAGGCCTTGAGTGGATTGGAGAGATTAATCCTAGCAACGGTCGTTCTAATTACAATGAGGAGTTCAAGACCAAGGCCACTCTGACTGTAGACAAATCGTCCAACACAGCCTACATGCAACTCAGCAGTCTGACATCTAAGGACTCTGCGGTCCATTACTGTACAAGAGGCCGGACAACTCGAGCTACCCCGTTTGTTTACTAGGGCCAAGGGACTCTGGTCACTGTCTCTGCAG"	0	0	0	0	0	0	0	0	0	0	0	0	0	0	0	0	0	0	0	0	0	0	0	0	0	0	0	0	0	56	0	0	0	0	0	0	0	0	0	0	0	0	0	0	0	49	1	0	0	0	0	0	0	0	1	0	0	0	0	0	0	0	0	0	0	0	0	0	0	0	0	0	0	0	0	0	0	0	0	0	0	0	0	0	0	0	0	0	0	0	0	0	0	0	0
"AAAAACATGAGATCACAGTTCTCTCTACAGTTACTGAGCACACAGGACCTCACCATGGGATGGAGCTAAATCATTCTCTTTTTGGTAATAACAGCTACAGGTGTCCACTCCCAGGTTCAACTCCAGCAGCCTGGGGCTGAACTGGTGAAGCCTGGGACTTCAGTGAAGTTGTCCTTCAAGGCTTCTGGCTACACCTTCACCAGCTCCTGGATGCACTGGGTGAACCTGAGGCCTGGACAAGGCTTTGAGTGGTTTGGAGAGATTAATCCTGACAATGCTGGTACTAACTACAATGAGAAATTCAAGAACAAGGCCACTCTGACTGTCGACAAATCCTCCAACACAGCATACATGCAACTCAGTAGCCTGACATCTGAGGACTCTGCGGTCTATTACTGTACCCTTAGTACGGCTGTTGTCTTTGACCATTGGGGCCAAGGCACCACTCTCACAGTCTCCTCAG"	0	0	0	0	0	0	0	0	0	0	0	0	0	0	0	0	0	0	0	0	0	0	0	0	0	0	0	0	0	0	0	0	0	0	0	0	0	0	0	1	0	0	0	0	0	0	36	0	0	0	0	0	0	0	67	0	0	0	0	0	0	0	0	0	0	0	0	0	0	0	0	0	0	0	0	0	0	0	0	0	0	0	0	0	0	0	0	0	0	0	0	0	0	0	0
"AACCTATGATCAGTATCCTCTCCATAGTCTCTGAACACACTGACTCAAACCATGGAATGCAGCTGGGTCTTTCTCTTCCTCCTGTCATTAACTGCAGGTGTCCACTGCCAGGTCCAGCTACAGCAGTCTGGACCTGAGCTGGTGAGGCCTGGGACTTCAGTGAAGATATCCTGCAAGGCTTCTGGCTATACCTTCCTCACCTACTGAATGAACTGGGTAAAGTAGAGGCCTGGACAGGGCCTTGAGTGGATTGGACAGATTTTTCCTGCAAGTGGTAATACTAACTGCAATGAGATGTTCTAGGTCAAGGCCACATTGACTTTAGACACATCCTCCACCACAGCCTACTTGCAGCTAACCAGGCTGACATCTGAGGACTCTGCGGTCTATTTCTGTGCAAGATTGGTACGGTAGGACTTACTGGGGCCAAGGGACTCTGGTCACTGTCTCTGCAG"	0	0	0	0	0	0	48	0	0	0	0	0	0	0	0	0	0	0	0	0	0	0	0	0	0	0	0	0	0	0	0	0	0	0	0	0	0	0	0	0	0	0	0	0	0	0	1	0	0	0	0	0	0	0	0	0	0	0	0	0	0	0	0	0	0	0	0	0	0	0	0	0	0	0	0	0	0	0	47	0	0	0	0	0	0	0	0	0	0	0	0	0	0	0	0
"GACAGAGGAGGCCAGTCCTGGATTTGAGTTCCTCACATTCAGTGATGAGCACTGAACACAGACACCTCACCATGAACTTCGGGTTCAGCTTGATTTTCCTTGTCCTTGTTTTAAAAGGTGTCCAGTGTGAAGTGAACCTGGTGGAGTCTGGGGGAGGCTTAGTGAAGCCTGGAGGGTCCCTGAAACTCTCCTGTGCAGCCTCTGGATTCACTTTCATTTACTATGCCATGTCTTGGGTTCGCCAGACTCCAGAGAAGAGGCTGGAATGGGTCGCATCCATTACTAGTGGTGGTGCCACCTACTATCCAGACATTGTGAAGGGCCGATTCACCATCTCCAGAGATAATGCCAGGAACATCCTGTATCTGCAAATGAACAGTCTGAGGTCTAAGGACACGGCCATTTATTACTGTGCAAGAGGGGATTACTCCGGACACTGGTACTTCGATGTCTAGGGCGCAGGGACCACGGTCACCGTCTCCTCAG"	0	0	0	0	0	0	0	0	0	0	0	0	0	0	0	0	0	0	0	0	0	0	0	0	0	0	0	0	0	0	0	0	0	0	0	0	0	0	0	0	0	0	0	0	0	0	0	0	20	0	2	0	0	0	0	0	21	0	0	0	0	0	0	0	0	0	0	0	0	0	0	0	0	0	0	45	0	0	0	0	0	0	1	0	0	0	0	0	0	0	0	0	0	1	0
"ATATGAGCCCTATCTTCTCTACAGACACTGAATCTCAAGGTCCTTACAATGAAATGCAGCTGGTTTTTCTTCTTCCTGATGGCAGTGGTTACAGGGGTCAATTCAGAGGTTCAGCTGCAGCAGTCTGGGGCAGAGCTTGTGAAGCCAGGGGCCTCAGTCAAGTTGTCCTGCACAGCTTCTGTCTTCAACATTAAAGACACCTATATACACTGGGTGAGGCAGAGGCCTGGACAGGGCCTGGAGTGGATTGGAAGGATTGATCCTGCGAATGGTAATACTAAATTTGACCCGAAGCTCCAGGGCAAGGCCACTATAACAGCAGACACATCCTCCAACACAGCCTACCTGCAGCTCAGCAGCCTGACATCTGAGAACACTGCCGTCTATTACTGTGCTCAATTTCCTCATTACTACGGCTCCTACTACTTTGACTACTAGGGCCAAGGCACCACTCTCACAGTCTCCTCAG"	0	0	0	0	0	0	47	0	0	0	0	0	0	0	0	0	0	0	0	0	0	0	0	0	0	0	0	0	0	0	0	0	0	0	0	0	0	0	0	0	0	0	0	0	0	0	0	0	0	0	0	0	0	0	0	0	0	0	0	0	0	0	0	0	0	0	0	0	0	0	0	0	0	0	0	0	0	0	41	0	0	0	0	0	0	0	0	0	0	0	0	0	0	0	0
"ACTCAGATCTACCCCAGCCTACCCCAACTACTCTTGAGAAAAGTGTCAAAAGCACAGGAATGGAAGAAAGACTGTCCTAACCGGCCGCTACATTCAAGACGCAGAAAGAACACAGGGAAAGACCACCAGATCTGTGCTTACCGGGGTTTCCAACGCCCAAAGGAAATCCAGCCTTCAAACAGCTCGAGGAGCTCTTTTCAGGAGAGCTGATCGCGGGCAGAGGCAGAGAACACTGTCCCCAAATAGACAAAAATTCCCTCCCCGGAGCCTGGGGAGTCCTGTCCTGGCTCGCAGATTGTAAGTTCCAGTGAGAAGTGTCTGCCCGCTGCAATGGGCAAAGTTTCCCAGCGGCGGCGAGGGTTGCGGCCGCTGATGTTGGAGAGCTGAG"	0	1	1	3	2	1	1	0	0	2	0	2	0	0	2	0	0	0	0	1	1	2	2	1	0	1	0	0	0	0	5	0	1	3	2	0	2	0	1	1	1	1	0	0	2	1	1	1	1	3	10	5	1	0	0	0	0	1	1	0	0	0	1	0	0	0	0	2	1	0	0	0	0	0	0	1	0	0	3	1	1	1	0	1	1	1	0	0	2	0	1	0	1	1	0
"AAAAGTCCCTGAACACACTGACTCTAACCATGGAATGGAGTTGGATATTTCTCTTTCTCCTGTCAGGAACTGCAGGTGTCCACTCTGAGGTCCAGCTGCAGCAGTCTGGACCTGAGCTGGTTAAGCCTGGGGCTTCAGTGAAGATGTCCTGCAAGGCTTCTGGATACACATTCAGTAGTTATGTTATACACTGGGTGAAGCAGAAGCCTGGGCAGGGCCTTGAGTGGATTGGATATATTAATCCTTACAATGATGGTACTAAGTACAATGAGAAGTTCAAAGGCAAGGCCACACTGACTTCAGACAAATCCTCCAGCACAGCCTACATGGAGCTCAACAGCCTGACCTCTGAGGACTCTGCGGTCTATTACTGTGCAAGAGGGGGCTACGGTAGTTGGGACTACTGGGGCCAAGGCACCACTCTCACAGTCTCCTCAG"	0	0	0	0	0	0	0	0	0	0	0	0	0	57	0	0	1	0	0	1	0	0	1	1	0	0	1	0	11	0	0	0	0	0	0	0	0	0	0	0	0	0	0	0	0	0	0	0	0	0	0	0	0	0	0	0	0	0	0	0	0	1	0	0	0	0	0	0	0	0	0	0	0	0	0	0	0	0	0	0	0	0	0	0	0	0	0	0	0	0	0	0	0	1	0
"ATATGAACACTGTTTTCTCTACAGTCACTGAATCTCAAGGTCCTTACAATGAAATGCAGCTGGGTCATCTTCTTCCTGATGGCAGTGGTTATAGGAATCAATTCAGAGGTTCAGCTGCAGCAGTCTGGGGCAGAGCTTGTGAGGTCAGGGGCCTCAGTCAAGTTGTCCTGCACAGCTTCTGGCTTCAACATTAAAGACTACTATATGTACTGGGTGAAGCAGAGGCCTGAACAGGGCCTGGAGTGGATTGGATGGATTGATCCTGAGAATGGTGATACTGAATATGTCCCGAAGTTTCAGGGCAAGGTCACTATGACTGCAGACACGTCCTCCAATACAGCCTACCTGCAGCTCAGCAGCCTGACATCTGAGGACTCTGCCGTCTATTACTGTAGAGGGGATTTCGACGGTAGTGGCGAAGGGTATGCTATGGACTACTAGGGTCAAGGAACCTCAGTCACCGTCTCCTCAG"	0	0	0	0	0	25	0	0	0	0	0	0	0	0	0	0	0	0	0	0	0	0	0	0	0	0	0	0	0	0	0	0	0	0	0	0	0	0	0	0	0	0	0	0	0	0	0	0	0	0	0	0	0	0	0	0	0	0	0	0	0	0	0	0	0	0	0	0	0	0	0	0	0	0	0	0	0	0	0	0	0	0	1	41	0	0	0	0	0	0	0	0	0	0	0
"AGCTCTGACAGAGGAGGCCGGTCCTGGATTCGAGTTCCTCACATTCAGTGATGAGCACTGAACACGGACCCCTCACCATGAACTTCGGGCTCAGCTTGGTTTTCCTTGTCCTTGTTTTAAAAGGTGTCCAGTGTGAACTGCAGCTGGTGGAGTCTGGGGGAGACTAAGTGAAGCCTGGAGGGTCCCTGAAACGCTCCTGTCCAGCCTCTGGATTCACTTTCATGTGAAGGGACGATTCACCATCTCCAGAGACAGTGCCAAGAACAATTTGTACCTGCAAATGAGCAGTCTGAAGTCTGAGGACACAGCCAAGTATTACTGTGCAAGAGGGGATTACTCCGGTCACTGGTACTTCGATGTCTGGGGCGCAGGGACCACGGTCACCGTCTCCTCAG"	0	0	0	0	0	0	0	0	0	0	0	0	0	0	0	0	0	0	0	0	0	0	0	0	0	0	0	0	0	0	0	1	0	0	0	0	0	0	0	0	0	0	1	0	0	0	0	0	15	0	0	0	0	0	0	0	10	0	0	0	0	0	0	0	0	0	0	0	0	0	0	0	0	0	0	38	0	0	0	0	1	0	0	0	0	0	0	0	0	0	1	0	0	0	0
"AAGGGAGTGACCAGTTAGTCTTAAGGCACCACTGAGCCCAAGTCTTAGACATCATGGCTTGGGTGTGGACCTTGCTATTCCTGATGGCAGCTGCCCAAAGTATCCAAGCACAGATCCAGTTGGTGCAGTCTGGACCTGAGCTGAAGAAGCCTGGAGAGACAGTCAAGATCTCCTGCAAGGCTTCTGGTTATACCTTCACAGACTCTTCAATGCACTGGGTGAAGCAGGCTCCAGGAAAGGGTTTAAAGTGGATGGGCTGGATAAACACTGAGACTGGTGAGTCAACATATGCAGATGACTTCAAGGGACGGTTTGCCTTCTCTTTGGAAACCTCTGCCAGCACTGCCTATTTGCAGATCAACAACCTCAAAAATGAGGACACGGCTACATATTTCTGTGCAAGAGGAGCGAGTGCTTACTAGGGCCAAGGGACTCTGGTCACTGTCTCTGCAG"	0	0	0	0	0	0	0	0	0	0	0	0	0	0	0	0	0	0	0	0	0	0	0	0	0	0	0	0	0	0	0	0	0	0	0	0	30	0	0	0	0	0	0	0	0	0	0	0	0	0	0	0	0	0	0	0	0	0	34	0	0	0	0	0	0	0	0	0	0	0	0	0	0	0	0	0	0	0	0	0	0	0	0	0	0	1	0	0	0	0	0	0	0	2	0
"ATATGAACACTGTTTTCTCTACAGTCACTGAATCTCAAGGTCCTTACAATGAAATGCAGCTGGGTCATCTTCTTCCTGATGGCAGTGGTTATAGGAATCAATTCAGAGGTTCAGCTGCAGCAGTCTGGGGCAGAGCTTGTGAGGTCAGGGGCCTCAGTCAAGTTGTCCTGCACAGCTTCTGGCTTCAACATTAAAGACTACTATATGTACTGGGTGAAGCAGAGGCCTGAACAGGGCCTGGAGTGGATTGGATGGATTGATCCTGAGAATGGTGATACTGAATATGTCCCGAAGTTTCAGGGCAAGGTCACTATGACTGCAGACACGTCCTCCAATACAGCCTACCTGCAGCTCAGCAGCCTGACATCTGAGGACACTGCCGTCTATTACTGTAGAGGGGATTTCGACGGTAGTGGCGAAGGGTATGCTATGGACTACTAGGGTCAAGGAACCTCAGTCACCGTCTCCTCAG"	0	0	0	0	0	26	0	0	0	0	0	0	0	0	0	0	0	0	0	0	0	0	0	0	0	0	0	0	0	0	0	0	0	0	0	0	0	0	0	0	0	0	0	0	1	0	0	0	0	0	0	0	0	0	0	0	0	0	0	0	0	0	0	0	0	0	0	0	0	0	0	0	0	0	0	0	0	0	1	0	0	0	0	29	0	0	0	0	0	0	0	0	0	0	0
"ATCCTCTTCTCATAGAGCCTCCATCAGAGCATGGCTGTCTTGGGGCTGCTCTTCTGCCTGGTGACATTCCCAAGCTGTGTCCTATCCCAGGTGCAGCTGAAGCAGTCAGGACCTGGCCTAGTGCAGCCCTCACAGAGCCTGTCCATCACCTGCACAGTCTCTGGTTTCTCATTAACTAGGAATGGTGTACATTGGGTTCGCCAGTCTCCAGGAAAGGGTCTGGAGTGGCTGGGAGTGATATGGAGTGGTGGAAGCACAGACTAGAATGCAGCTTTCATATCCAGACTGAGCATCAGCAAGGACAATTCCAAGAGCCAAGTTTTCTTTAAAATGAACAGTCTGCAAGCTGATGATACAGCCATATATTACTGTGCCAGAAACCCCTGCCTACTCTAGGTACGGGGGTTTGCTTACTGGGGCCAAGGGACTCTGGTCACTGTCTCTGCAG"	0	0	0	0	0	0	0	0	0	0	0	0	0	0	0	0	0	0	0	0	0	0	0	0	0	0	0	0	0	0	0	0	0	0	0	0	0	0	0	0	0	0	0	0	0	0	0	0	0	0	0	0	0	0	0	0	0	0	0	0	0	0	0	0	0	0	0	0	0	0	0	0	0	3	0	0	0	0	0	0	0	52	0	0	0	0	0	0	0	0	0	0	0	0	0
"AATCTATGATCAGTGTCCTCTCTACACAGTCCCTGACGACACTGACTCCAACCATGCGATGGAGCTGGATCTTTCTCTTCCTCCTGTCAATAACTGCAGGTGTCCATTGCCAGGTCCAGCTGCGGCAGTCTGGACCTGACCTGTTGAAGCCTGGGGCTTCAGTGAAGATGTCCTGCAAGGCTTCTGGCTAATATATAAATTGGGTGAAGAAGCGGCCTGGACAGGGACTTGAGTGGATTGGATGGATTTATCCTGGAGATGGGAGTAGTTAGTACAATGAGAACTTCAAGGGCAAGACCACAATGACTGCAGACAAATCCTCCAGCCTGACCTCTGAAGACTCTGCAATGTATTTCTGTTCAACCAGGGGTGTAATTTGGGTTTGACTACTGTGGCCAAGGCACCATTTTCACAGTCTCCTCAG"	1	1	0	0	0	0	0	0	0	0	0	0	0	0	0	0	0	0	0	0	0	0	0	41	0	0	0	0	0	0	0	0	0	0	0	0	0	0	0	0	0	0	0	0	0	0	0	0	0	0	0	0	0	0	0	0	0	0	0	0	0	0	0	0	0	0	0	0	0	0	0	0	0	0	0	0	0	0	0	0	0	0	0	0	0	0	0	0	0	0	0	0	0	0	0
"AAGGGAGTGACCAGTTAGTCTTATGGCACCATTGAGCCCAAGTTTTAGACATCATGGATTGGCTGTGGAACTTGCTATTCCTGATGGTAGCTGCCCAAAGTATCCAAGCACAGATCCAGTTGGTGCAGTCTGGACCTGAGCTGAAGAAGCCTGGAGAGACAGTCAAGATCTCCTGCAAGGCCTCTGGGTATACCTTCACACACTATGGAATGAACTGGGTGAAGCAGGCTCCAGGAAAGGGTTTAAAGTGGATGGGCTGGATAAACACCAACACTGGAGAGCCAACATATGCTGAAGAGTTTAAGGGACGGTTTGCCTTCTCTTTGGAAAGCTCTGCCACCACTGCCTATTTGCTGATCAACAACCTCAAAAATGAGGACACGGCTACATATTTCTGTGTCCTTACTACGGCTGACTACTGGGGCCAAGGCACCACTCTCACAGTCTCCTCAG"	0	0	0	0	0	0	0	0	0	0	0	0	0	0	0	0	0	0	0	0	0	0	0	0	0	0	0	0	0	0	0	0	0	0	0	0	0	0	0	0	0	0	0	0	0	0	0	0	0	0	0	0	0	0	0	0	0	0	0	0	0	0	0	0	0	0	0	0	2	0	0	0	0	0	0	0	0	0	0	0	0	0	0	0	40	0	0	0	0	0	0	0	0	0	0
"TTTGTTTTGCCTTACTATTAAGACTTTGACATTCTGGTCAAAACGGCTTCACAAATCTTTTTCAAGACCACTTTCTGAGTATTCATTTTAGGAGAAATACTTTTTTTTTAAATGAATGCAATTATCTAGACTTATTTCGGTTGAACATGCTGGTTGGTGGTTGAGAGGACACTCAGTCAGTCAGTGGCGTGAAGGGCTTCTAAGCCAGTCCACATGCTCTGTGTGAACTCCCTCTGGCCCTGCTTATTGTTGAATGGGCCAAAGGTCTGAGACCAGGCTGCTGCTGGGTAGGCCTGGACTTTGGGTCTCCCACCCAGACCTGGGAATGTATGGTTGTGGCTTCTGACACCCATCCACCTGGCTGCTCATGGACCAGCCAGCCTCGGTGGCTTTGAAGGAACAATTCCACACAAAGACTCTGGACCTCTCCGAAACCAGGCACCGCAAATG"	1	0	0	0	0	1	0	0	0	0	3	1	3	0	0	0	0	0	0	0	1	0	0	1	0	0	0	2	0	0	2	0	1	0	1	1	0	0	1	0	0	0	1	0	1	0	0	0	0	0	1	2	0	1	0	0	0	0	1	0	0	0	0	0	0	0	0	0	0	0	0	0	0	0	1	0	0	0	0	1	2	0	0	1	0	1	3	0	1	0	0	0	2	1	0
"AAGGGAGTGACCAGTTAGTCTTAAGGCACCACTGAGCCCAAGTCCTAGACATCATGGCTTGGGTGTGGACCTTGCTATTCCTGATGGCTGCTGCCCAAAGTATCCAAGCACAGATCCAGTTGGTGCAGTCTGGACCTGAGCTGAGGAAGCCTGGAGACTCAGTCAAGATCTCCTGCAAGGCTTCTGGTTATCCCTTCACAGACTTTTCAATGCACTGGGTGAAACAGGCTCCAGGAAAGGGTTTAAAGTGGATGGGCTGGATAAACACTGAGACTGGTGAGCCAACATATGCAGATGACTTCAAGGGACGGTTTGCCTTCTCTTTGGAAACCTCTGCCAGCACTGCCTATTTGCAGATCAACAACCTCAAAAATGAGGACACGGCTACATATTTCTGTGGTCATGATGGATACTACTGGCACTTCGATGTCTGGGCCGCAGGGACCACGGTCACCGTCTCCTCAG"	0	0	0	0	0	0	0	0	0	0	0	0	0	0	0	0	0	0	0	0	0	0	0	0	0	0	0	0	0	0	0	0	0	0	0	0	0	0	0	0	0	0	0	0	0	0	0	0	0	0	0	0	0	0	0	0	0	0	1	0	0	0	0	0	0	0	0	0	0	0	0	0	0	0	0	0	0	0	0	0	0	0	0	0	0	0	0	0	0	0	0	0	0	38	0
"AAGATCACAGTAGTCTCTACAGTCACAGGAGTACACAGGGCATTGCCATGGGTTGGAGCTGTATCATCTTCTTTCTGGTGGCATCAGCTACAGGTGTGCACTCCCAGGTCCAGCTGCAACAGTCTGGGCCTGAGCTGGTGAGGCCTGGGGTCTCAGTGAAGATTTCCTGCAAGGGTTCCGGCTACACATTCACTGATTGTGCTGTGCGCTGGGTGAAGCAGAGTCATGCAAAGAGTCTAGAGTGGATTGGAATTATTAGTCCTTTCTATGGTAATACAAACTACAACCGGAAGTTTAAGGGCAAGGCCACAATGACTGTAGACAAATCCTCCAACACAGCCTATATGGAACTTGACAGATTGACATCTGAGGATTCTGCCATCTGTTACTGTGCAAGATGACGATATTACTACGGTAATAACCCTGGTAATTCGATGTCTGGGGCGCAGGGACCACGGTCACCGTCTCCTCAG"	0	0	0	0	0	0	1	0	0	0	0	0	0	0	0	0	0	0	0	0	0	0	0	0	0	0	0	0	0	0	0	0	0	0	0	0	0	0	0	0	0	0	0	0	0	0	0	0	0	0	0	0	0	0	0	0	0	0	0	0	0	0	0	0	0	0	0	0	9	0	0	0	0	0	0	0	0	0	0	0	0	0	0	0	25	0	0	0	0	0	0	0	0	0	0
"AGGTAAGGGGCTCACAGTAGCAGGCTTGAGGTCTGGCCATACACATGGGTGACAATGACATCCACATTGCCGTTCTCTCCACAGGTGTCCACTCCCAGGTCCAACTGCAGCAGTCTGGGGCTGAACTGGTGAAGCCTGGGGCTTCAGTGAAGTTGTCCTGCAAGGCTTCTGGCTACCGCTTCACCAGGTACTATCTGTACTGGGTGATACAGAGGCCTGGACAAGGCCTTGAGTGGATTGGAGCGATCAATCCTAGCAATGGTGGTGATAAGTTCAATGAGAAATTCAAGAACAAGGCCACTCTGACTGTCGACAAATCCTCCAACACAGCATACATGCAACTCAGTAGCCTGACATCTGAGGACTCTGCGGTCTATTACTGTACCCTTAGTACGGCTGTTGTCTTTGACCATTGGGGCCAAGGCACCACTCTCACAGTCTCCTCAG"	0	0	1	0	0	0	0	0	0	0	0	0	0	0	0	0	0	0	0	0	0	0	0	0	0	0	0	0	0	0	0	0	0	0	0	0	0	0	0	0	0	0	0	0	0	0	12	0	0	0	0	0	0	0	14	0	0	0	0	0	0	1	0	0	0	0	0	0	0	0	0	0	0	0	0	0	0	0	0	0	0	0	0	0	0	0	0	0	0	0	0	0	0	0	0
"AGGGCCTGATGTAACAATGACATCCACTCTGCATTTTTCTTCATAGGTGTCCAATCCCAGGTTCAACTGCAGCAGTCTGGGGCTGAACTGGTGAGGCCTGGGGCTTCAGTGACGCTGTCCTGCAAGGCTTCGGGCTACACATTTACTGACTATGAAATGCACTGGGTGAAGCAGACACCTGTGCATGGCCTGGAATGGATTGGAGCTTTTGATCCTGAAACTGGTAATACTGCCTACAATCAGAAATTCAAGGACAAGGCCACACTGACTACAGACAAATCCTCCAGCACAACCTACATGGAGCTCCGCAGCCTGACATCTGAGGACTCTGCCGTCTATTCCTGTACAAGACATGTACGAGACTACTGGGGCCAAGGCACCACTCTCACAGTCTCCTCAG"	0	0	0	0	7	0	0	0	0	0	0	0	11	0	0	0	0	0	0	0	0	0	0	0	0	0	0	0	0	0	0	0	0	0	0	0	0	0	0	0	0	0	0	0	0	0	0	0	0	0	0	0	0	0	0	0	0	0	0	0	0	2	0	0	0	0	0	0	0	0	0	0	0	0	0	0	0	0	0	0	0	0	0	0	0	0	1	0	0	0	0	0	0	0	0
"AGCTCTGACAGAGGAGGCCGGTCCTGGATTCGAGTTCCTCACATTCAGTGATGAGCACTGAACACGGACCCCTCACCATGAACTTCGGGCTCAGCTTGATTTTCCTTGTCCTTGTTTTAAAAGGTGTCCAGTGTGAAGTGCAGCTGGTGGAGTCTGGGGGAGGCTTAGTGAAGCCTGGAGGGTCCCTGAAACTCTCCTGTGCAGCCCCTGGATTCACTTTCAGTGACTATTACATGTATTGGGTTCGTCAGACTCCGGAAAAGAGGCTGGAGTGGGTCGCAACCATTAGTGATGGTGTAACTAACACCTAGTATCCAGACAATGTGAAGGGGCGATTCACCATCTCCAGAGACAATGTCAAGAATAGTCTGTACCTGCAAATGAGCAGTCTGAAGTCTGAGGACACAGGCTTGAATTACTGTGCAAGAGATCGGCCCACTATGGTTCCTACTCTGCGATGGACTAATGGGGTCACGGAACCTCAGTCACCGGCTCCTCAG"	0	0	0	0	0	0	0	0	0	0	0	0	0	0	0	0	0	0	0	0	0	0	0	0	0	0	0	0	0	0	0	0	0	0	0	0	0	0	0	0	0	0	0	0	0	0	0	0	1	0	0	0	0	0	0	0	0	0	0	0	0	0	0	0	0	0	0	0	0	1	0	0	0	0	0	2	0	0	0	0	0	0	0	0	0	2	0	0	0	0	0	0	0	14	0
"ACAGGTAAGGGGCTCACAGTAGAAGGCTTGAGGTCTGGCCATATACATGGGTGACATTGACATCCACTTTGCCTTTCTCTCCACAGATGTCCACTCCCAGGTCCAACTGCAGCAGCCTGGGGCTGAACTGGTGAAGCCTGGGGCTTCAGTGAACCTGTCCTGCAAGGCTTCTGGCTACACCTTCACCAGCTACTGGATACACTGGGTGAAACAGAGGCCTGGGCAAGGCCTTGAGTGGATTGGAGAGATTAATCCTAGCAACGGTCGTTCTAATTACAATGAGGAGTTCAAGACCAAGGCCACTCTGACTGTAGACAAATCGTCCAACACAGCCTACATGCAACTCAGCAGTCTGACATCTGAGGACTCTGCGGTCCATTACTGTACAAGAGGCCGGACAACTCGGGCTACCCCGTTTGTTTACTGGGGCCAAGGGACTCTGGTCACTGTCTCTGCAG"	0	0	0	0	0	0	0	0	0	0	0	0	0	0	0	0	0	0	0	0	0	0	0	0	0	0	0	0	0	5	0	0	0	0	0	0	0	0	0	0	0	0	0	0	0	12	0	0	0	0	0	0	0	0	0	0	0	0	0	0	0	0	0	0	0	0	0	0	0	0	0	0	0	0	0	0	0	0	0	0	0	0	0	0	0	0	0	0	0	0	0	0	0	0	0
"ACATCTGTTGTATGCACATGAGACACAGAAAAAATGTTGTTTGTTTTGTTAGTGACAGTTTTTCAACCAGTATTCTCTGTTTGCAGGTGTCCAGTGTGAGGAGCAACTGGTGGAGTCTGGGGGAGGCTTAGTGCAGCCTGGAGGGTCCCTGAAACTCTCCTGTGCAGCCTCTGGATTCACTTTCAGTAACTATGGCATGTCTTGGTTTCGCCAGACTCCAGACAAGAGGCTGGAATTGGTCGCCACTATGAACAGAAATGGTGGTAGTCTATATTATCCAGACATTGTGAAGGGCCGATTCACCATCTCCAGAGACAATGCCAAGAACACCCTGTACCTGCAAATGAGCAGTCTGAAGTCTGAGGATACAGCCATGTATTACTGTGCAAGAGGAAACTATGGTACTTACTGGGGCCAAGGGACTCTGGTCACTGTCTCTGCAG"	0	0	0	0	0	0	0	0	0	0	0	0	0	0	0	0	0	0	0	0	0	0	0	0	0	0	0	0	0	0	0	0	0	0	0	0	0	0	0	0	0	0	4	0	1	0	0	0	0	0	0	0	0	0	0	0	0	0	0	2	3	0	0	0	0	0	0	0	0	0	0	0	0	0	0	0	0	0	0	0	5	0	0	0	0	0	0	0	0	0	0	0	0	0	0
"ATCGCTCTCACTGGAGGCTGCTCTCTGAGGATAAGGAGGTGTCGCCTAAAAGATGAGAGTGCTGATTCTTTTGTGGCTGTTCACAGCCTTTCCTGGTATCCTGTTTGATGTGCAGCTTCAGGAGTCGGGACCTGGCCTGGTGAAACCTTCTCAGTCTCTGCCCCACACCTGCACTGTCACTGGCTACTCAATCACCAGTGATTATGCCTGGAACTGGATCCGGCAGTTTCCAGGAAACAAACTGGAGTGGATGGGCTACATAATCTACAGTGCTAGTACTAGCTGCAACCCATCTCTCAAAAGTCGAATCTCTTTTAGTCGAGACACATCCAAGAAACAGTTCCTCCTGCACTTGAATTCTGTGACTACCGAGGACACAGCCACAGATTCATGTGTAAGAAGGTACTATGATTATGACGGCCTTGGTTTGTTTATTGGGGCCAAGGGACTCTGGTCACTGTCTCTGCAG"	0	0	0	0	0	0	0	0	0	0	0	0	0	0	0	0	12	0	1	0	0	0	0	0	0	0	0	0	0	0	0	0	0	0	0	0	0	0	0	0	0	0	0	0	0	0	0	0	0	0	0	0	0	0	0	0	0	0	0	0	0	0	0	0	0	0	0	0	0	0	0	0	0	0	0	0	0	0	0	0	0	0	0	0	0	0	0	0	0	0	0	0	0	0	0
"GAGGATTTGGACTTGGACCTGAGCATCCTGCTGCCTGACCCAGTCGCTGACAACACTGACTCTAACCATGGGATGGAGCTGGATCTTTCCCTTCCTCCTATCAGGAACTGCAGGTGTCCATTGCCTGGTCCAGCTGCAGCAATCTGGACCTGAGCTGGTGAAGCCTGGGGCTTCAGTGAAGATATCCTGTAAGGCTTCTGGCTATTCCTTCACAATCTACTATATACACTGGATGAAAGAGAGGCCTGGACAGGGCCTTGAGTGGATTGGATATGTTTATCCTGGTGATGGTACTACTAATTACAATGAGAACTTCAAGGTCAAGGCCACACTGACTGCAGACACTTCCACCAGCACAGCCTACATGCAGCTCAGCAGCCTGACATCTGAGGACTCTGCAGTCTATTTCTGTGCAAGAGATGGTAACGGGTTTGCTTACTGGGGCCAAGGGACTCTGGTCACTGTCTCTGCAG"	0	0	0	0	0	0	0	0	0	0	0	0	0	0	0	0	0	0	0	0	0	0	0	0	0	0	0	0	0	0	0	0	0	0	0	0	0	0	0	0	0	0	0	0	0	0	0	0	0	0	0	0	0	0	0	12	0	0	0	0	0	0	0	0	0	0	0	0	0	0	0	0	0	0	0	0	0	0	0	0	0	0	0	0	0	0	0	0	0	0	0	0	0	0	0
"AGGTAGTACCTTCTGTGAACCAGTTTCAATCCTGTTCTTAGCCTGTGCAGAGAGATGGGTGTGGGGTAGCATTCAGACCTTTGTGACAATTGGGTTGCAACTCCTAAGAGGAAAGATCCCAAAGCTAAGCTCCTGGAAGCTATGGACCGTCACAAAAAAGAAGGCAGTCACTTTCATATTTCCCATGCATGAGTTGTGTCAGCCGGTAAAGGAGAGTACAGTGGAAGAAGGCCTTGAGACCTGAGTCAGCAGTGGATCTGAACACACACAACAAAAACAACAACTACTGCTACCACCACCACCAGAGTCAGCCTCAAGGAGATGATGGGATATATCAGGATACCTAAGATAAGATGAACTTGGTCTGTCTGGAAGCTGGCAGGACCAAATTCGCTGAGTCATCAGAGAAGAGGTGGCCAGAGGAGCAAGATCTCTGCAGCAGAAATCTGCAGGACTAACAAAGCT"	0	0	0	0	0	0	0	0	0	0	0	0	0	0	0	0	0	0	0	0	0	1	0	0	0	0	0	0	0	0	2	0	0	1	0	0	0	0	0	0	0	0	0	0	0	0	0	0	0	0	2	0	0	0	0	0	0	0	0	0	0	0	0	0	0	0	0	0	0	0	0	0	0	0	0	0	0	2	0	0	0	0	0	0	0	0	0	1	0	0	0	0	0	0	0
"AAATCTGAAGTGGAGACAGGGCCTGAGGGGACAATGACATCCACAATGACTTTCTCTCCATAGGTGTCCATTGCCAGGTCCAGCTGCGGCAGTCTGGACCTGACCTGTTGAAGCCTGGGGCTTCAGTGAAGATGTCCTGCAAGGCTTCTGGTTACTCATTCACTAGTTACTACATACACTGGGTCAAGCAGAGTCATGGAAAGAGCCTTGAGTGGATTGGACATATTAGTTGTTCCAATGGTGGCACTAACTACAACCAGAAGTTCAAGGACAAGGCCACATTTACTGTAGACACAACCTCCAGCACAGCCTACATGCAGTTCAACAGTCTGACATCTGAGGACTCTGCGGTCTATTACTGTGCACGACAACTACTCTCCTATTACTCTGCTATGGACTACTGGGGTCAAGGAACCTCTGTCACCGTCTCTTCAG"	0	0	0	0	0	0	0	0	0	0	0	0	0	0	0	0	0	0	0	0	0	0	0	8	0	0	0	0	0	0	0	0	0	0	0	0	0	0	0	0	0	0	0	0	0	0	0	0	0	0	0	0	0	0	0	0	0	0	0	0	0	0	0	0	0	0	0	0	0	0	0	0	0	0	0	0	0	0	0	0	0	0	0	0	0	0	0	0	0	0	0	0	0	0	0
"ATCTCTTGTATGCACGTGAGAGAGAAAAATTGTTTTGTTAGTGACAGTTTTCCAACCAGTATTCTCTGTTTGCAGGTGTCCAGTGTGAGGTGCAGCTGGTGGAGTCTGGGGGAGACGTAGTGAAGCCTGGAGGGTCCCTGAAGCTCTCCTGTGTAGTCTCTGGATTCACTTTCATTAACTATGGCATGTCTTGGGTTCGTCAGACTCCAGACAAGAGGCTGGGGTGGGTCGCAACCATTAGTAGAGGTGGTGATTACTCCTATTATCCAGACAATGTGAAGGGGCGATTCACCATCTCCATAGACAATGCCAAGAACACCCTGTACCTACAAATGAGCAGTCTGAAGTCTGAGGACACAGCCGTTTATTACTGTGCAAGAGGGGATAATAGGTTCGACGTGCGGACTATGGACTACTGGGGTCAAGGAACCTCAGTCACCGTCTCCTCAG"	0	0	0	0	0	0	0	0	0	0	0	0	0	0	0	0	0	0	0	0	0	0	0	0	0	0	0	0	0	0	0	0	0	0	0	0	0	0	0	0	0	0	0	0	0	0	0	0	0	0	0	0	0	0	0	0	0	0	0	0	0	0	0	0	0	0	0	0	0	0	0	0	0	0	0	0	0	0	0	0	0	0	7	0	0	0	0	0	0	0	1	0	0	0	0
"AAAATCTGAAGTGGAGACAGGGCCTGAGGGGACAATGACATCCACAATGACTTTCTCTCCATAGGTGTCCATTGCCAGGTCCAGCTGCGGCAGTCTGGACCTGACCTGTTGAAGCCTGGGGCTTCAGTGAAGATGTCCTGCAAGGCTTCTGGCTAATATATAAATTGGGTGAAGAAGCGGCCTGGACAGGGACTTGAGTGGATTGGATGGATTTATCCTGGAGATGGGAGTAGTTAGTACAATGAGAACTTCAAGGGCAAGACCACAATGACTGCAGACAAATCCTCCAGCCTGACCTCTGAAGACTCTGCAATGTATTTCTGTTCAACCAGGGGTGTAATTTGGGTTTGACTACTGTGGCCAAGGCACCATTTTCACAGTCTCCTCAG"	0	0	0	0	0	0	0	0	0	0	0	0	0	0	0	0	0	0	0	0	0	0	0	5	0	0	0	0	0	0	0	0	0	0	0	0	0	0	0	0	0	0	0	0	0	0	0	0	0	0	0	0	0	0	0	0	0	0	0	0	0	0	0	0	0	0	0	0	0	0	0	0	0	0	0	0	0	0	0	0	0	0	0	0	0	0	0	0	0	0	0	0	0	0	0
"GCCAGAACTGAAGCTTGAAGTCTGAGGCAGAATCTTGTCCAGGGTCTATCGGACTCTTGTGAGAATTAGGGGCTGACAGTTGATGGTGACAATTTCAGGGTCAGTGACTGTCTGGTTTCTCTGAGGTGAGGCTGGAATATAGGTCACCTTGAAGACTTAAGAGGGGTCCAGGGGGCTTCTGCACAGGCAGGGAACAGAATGTGGAACAATGACTTGAATGGTTGATTCTTGTGTGACACCAGGAATTGGCATAATGTCTGAGTTGCCCAGGGGTGATTCTAGTCAGACTCTGGGGTTTTTGTCGGGTATAGAGGAAAAATCCACTATTGTGATTACTATGCTATGGACTACTGGGGTCAAGGAACCTCAGTCACCGTCTCCTCAG"	0	0	1	0	0	0	0	0	0	0	1	0	1	0	0	0	0	0	0	0	0	0	0	0	0	0	0	0	0	0	0	0	0	0	0	0	0	0	0	0	0	0	0	0	0	0	0	0	0	0	0	0	0	0	0	0	0	0	0	0	0	0	0	0	0	0	0	0	0	0	0	0	0	0	0	0	0	0	0	0	0	0	0	0	0	0	0	1	0	0	0	0	0	0	0
"ATCTCAGATGGAGGCCAGTGAGGGACAAAGAAAGCATAGAAGAGAGGGACCTAGCGGCAATGCTGGCCAGGATCCCTATAAATCTCTGGCCATGAAGTCTGGGAGCTGAGGATGTCTGTCTGCATCAGCCAGGGCTCCCAATGACCCTTTCTGACTCCCAAGGTGTCCCTAGTCCTTCATGACCTGAAATTCAGATACACACATTTCCCCCCCAACAAATGCAGTAAAATCTATTTAAGCTGAATAGAAGAGAGAGGTTGTAAGGACTCACCTGAGGAGACTGTGAGAGTGGTGCCTTGGCCCCAGTAGTCAAAGTAGTCGTACCTATAGTAGAAGGGACTGGTTTGCTTACTGGGGCCAAGGGACTCTGGTCACTGTCTCTGCAG"	0	0	0	0	0	0	0	0	0	0	0	0	0	0	0	0	0	0	0	0	0	0	0	0	0	0	0	0	0	0	1	0	0	0	1	0	0	0	0	0	0	0	0	0	0	0	0	0	0	0	0	0	0	0	0	0	0	0	0	0	0	0	0	0	0	0	0	0	0	1	0	0	0	0	0	0	0	0	0	0	0	0	0	0	0	0	1	0	0	0	0	0	0	0	0
"AAGGGAGTGACCAGTTAGTCTTAAGGCACCACTGAGCCCAAGTCTTAGACATCATGGCTTGGGTGTGGACCTTGCTATTCCTGATGGCAGCTGCCCAAAGTATCCAAGCACAGATCCAGTTGGTGCAGTCTGGACCTGAGCTGAGGAAGCCTGGAGACTCAGTCAAGATCTCCTGCAAGGCTTCTGGTTATCCCTTCACAGACTTTTCAATGCACTGGGTGAAACAGGCTCCAGGAAAGGGTTTAAAGTGGATGGGCTGGATAAACACTGAGACTGATCAACAACCTCAAAAATGAGGACACGGCTACATATTTCTGTGGTCATGATGGATACTACTGGCACTTCGATGTCTGGGCCGCAGGGACCACGGTCACCGTCTCCTCAG"	0	0	0	0	0	0	0	0	0	0	0	0	0	0	0	0	0	0	0	0	0	0	0	0	0	0	0	0	0	0	0	0	0	0	0	0	2	0	0	0	0	0	0	0	0	0	0	0	0	0	0	0	0	0	0	0	0	0	0	0	0	0	0	0	0	0	0	0	0	0	0	0	0	0	0	0	0	0	0	0	0	0	0	0	0	1	0	0	0	0	0	0	0	1	0
